,Date,User,Tweet,Hashtags,Like,Retweet,Reply,text_clean,text_preprocessed,Result Prediction
0,2023-01-01,marhaendjaja,@Shaggy_Solo @gibran_tweet @dishubsurakarta @txtfromsoc Ngarsopuro sampai singosaren ini kayaknya mau dibikin semacam malioboro dan jl. mangkubumi-nya Solo...,,2,0,1,solo tweet ngarsopuro sampai singosaren ini kayaknya mau dibikin semacam malioboro dan jl mangkubuminya solo,"['solo', 'tweet', 'ngarsopuro', 'singosaren', 'kayaknya', 'dibikin', 'malioboro', 'jl', 'mangkubuminya', 'solo']",Negative
1,2023-01-01,rizqy_477,"Yang sudah lama gak ke Jogja, Malioboro sekarang terlihat rapi lhoo gaess...

Nih, sekilas video nya klik https://t.co/C6efDSgp4V

#malioboro
#jogja
#jalanjalan
#wisata
#ayodolan
#dolanjogja
#pesonaindonesia
#wonderfullindonesia","['malioboro', 'jogja', 'jalanjalan', 'wisata', 'ayodolan', 'dolanjogja', 'pesonaindonesia', 'wonderfullindonesia']",1,0,0,yang sudah lama enggak ke jogja malioboro sekarang terlihat rapi loh gaess nih sekilas video nya klik,"['jogja', 'malioboro', 'rapi', 'loh', 'gaess', 'nih', 'sekila', 'video', 'nya', 'klik']",Negative
2,2023-01-01,aufristh,"Bcs, i think di mimpi itu gua berasa apa ya kayak di treat like a queen, ada 1 cowok tapi gua gatau dia siapa, but dia yang bener¬≤ ngetreat like a queen idk",,0,0,0,bcs i think di mimpi itu gua berasa apa ya kayak di treat like a queen ada cowok tapi gua enggak tau dia siapa but dia yang benar ngetreat like a queen idk,"['bc', 'i', 'think', 'mimpi', 'gua', 'berasa', 'ya', 'kayak', 'treat', 'like', 'a', 'queen', 'cowok', 'gua', 'tau', 'but', 'ngetreat', 'like', 'a', 'queen', 'idk']",Negative
3,2023-01-01,lastandromeda,"@convomf Umur segini maren di teras malioboro nyoba nyoba tas bapak penjualannya bilang ""ini dipakek sekolah juga cocok kak"" aku tersenyumüôÇ",,0,0,0,umur segini maren di teras malioboro mencoba mencoba tas bapak penjualannya bilang ini dipakek sekolah juga cocok kak aku tersenyum,"['umur', 'segini', 'maren', 'tera', 'malioboro', 'mencoba', 'mencoba', 'ta', 'penjualannya', 'bilang', 'dipakek', 'sekolah', 'cocok', 'kak', 'tersenyum']",Negative
4,2023-01-01,malioboro88,@CNNIndonesia Masuk angin lagi,,0,0,0,masuk angin lagi,"['masuk', 'angin']",Positive
5,2023-01-01,119iscalling,WKAKAKAK NGAKAK BGT BACA AU MALIOBORO üò≠üò≠üò≠,,0,0,0,wkakakak mengakak banget baca au malioboro,"['wkakakak', 'mengakak', 'banget', 'baca', 'au', 'malioboro']",Negative
6,2023-01-01,braxbooney,@informatcha apart pada full ya? vivo atau malioboro city gitu. kalo engga coba pesen nya jangan lewat aplikasi tapi langsung whatsapp,,0,0,1,apart pada full ya vivo atau malioboro city begitu kalo enggak coba pesan nya jangan lewat aplikasi tapi langsung whatsapp,"['apart', 'full', 'ya', 'vivo', 'malioboro', 'citi', 'kalo', 'coba', 'pesan', 'nya', 'aplikasi', 'langsung', 'whatsapp']",Negative
7,2023-01-01,nurmalinaaaa,"@smartpeoplex mirip bapak, budhe, orang di tiktok yang nggatau siapa, mbak sul bakul lombok, turis malioboro, ely, sama salsa sohib syüôè",,0,0,0,mirip bapak budhe orang di tiktok yang nggatau siapa mbak sul bakul lombok turis malioboro ely sama salsa sohib saya,"['budh', 'orang', 'tiktok', 'nggatau', 'mbak', 'sul', 'bakul', 'lombok', 'turi', 'malioboro', 'eli', 'salsa', 'sohib']",Negative
8,2023-01-01,miyllen,"btw indehoy jadinya ke malioboro, tulip potong botak, olgi bersama sanak famili jadi sisa berdua deh",,0,0,1,btw indehoy jadinya ke malioboro tulip potong botak olgi bersama sanak famili jadi sisa berdua deh,"['btw', 'indehoy', 'malioboro', 'tulip', 'potong', 'botak', 'olgi', 'sanak', 'famili', 'sisa', 'berdua', 'deh']",Negative
9,2023-01-01,kipasbambuu,"mas ali mo dipinang, selamat sky. aku suka bgt alurnya malioboro, sukses selalu!!!! https://t.co/F8r5p4uR9W",,0,0,0,mas ali mau dipinang selamat sky aku suka banget alurnya malioboro sukses selalu,"['ma', 'ali', 'dipinang', 'selamat', 'sky', 'suka', 'banget', 'alurnya', 'malioboro', 'suks']",Positive
10,2023-01-01,SRIR84977887,@ayamgoreng_mcd @e100ss Malioboro ngalah2i dawet ngruntel yo dibelani teko adoh2 kapok lombok soale,,0,0,0,mcd malioboro ngalahi dawet ngruntel ya dibelani teko adoh kapok lombok soale,"['mcd', 'malioboro', 'ngalahi', 'dawet', 'ngruntel', 'ya', 'dibelani', 'teko', 'adoh', 'kapok', 'lombok', 'soal']",Negative
11,2023-01-01,SRIR84977887,@Cenditito @e100ss Yogyakarta - Surabaya lancar jaya. Yg macet sekitar Malioboro sj.,,0,0,0,yogyakarta surabaya lancar jaya yang macet sekitar malioboro saja,"['yogyakarta', 'surabaya', 'lancar', 'jaya', 'macet', 'malioboro']",Neutral
12,2023-01-01,ZJaziroh,"Min @Jogja24Jam, mohon info hotel sekitar malioboro yang bisa check in subuh dong, urgent. Maturnuwun..",,0,0,0,min mohon info hotel sekitar malioboro yang bisa check ini subuh dong urgent maturnuwun,"['min', 'mohon', 'info', 'hotel', 'malioboro', 'check', 'subuh', 'urgent', 'maturnuwun']",Neutral
13,2023-01-01,JaluRanggaNuswa,"@KAI121 malam Kai, tanya malioboro exspres setelah tanggal 8 tidak tertampil di KAI Access ? Apakah ganti jadwal?",,0,0,2,malam kai tanya malioboro exspres setelah tanggal tidak tertampil di kai access apakah ganti jadwal,"['malam', 'kai', 'malioboro', 'exspr', 'tanggal', 'tertampil', 'kai', 'access', 'ganti', 'jadwal']",Negative
14,2023-01-01,kageyamamu,@ayatolatte Malioboro bang,,0,0,1,malioboro bang,"['malioboro', 'bang']",Negative
15,2023-01-01,hjohari,"Enjoy Malioboro ! ‚úåÔ∏èüòÅ

#travel #travelwithanabul
#jalanjalan @ Malioboro, Yogyakarta https://t.co/fKgckToIjB","['travel', 'travelwithanabul', 'jalanjalan']",0,0,0,enjoy malioboro malioboro yogyakarta,"['enjoy', 'malioboro', 'malioboro', 'yogyakarta']",Neutral
16,2023-01-01,mauveyy__,"info coffe shop di jogja yg deket malioboro dong teman""",,0,0,0,info coffe shop di jogja yang dekat malioboro dong teman,"['info', 'coff', 'shop', 'jogja', 'malioboro', 'teman']",Negative
17,2023-01-01,dynosoo,mau punya pacar kayak malioboro.,,0,0,0,mau punya pacar kayak malioboro,"['pacar', 'kayak', 'malioboro']",Negative
18,2023-01-01,jyynggmin_,"@convomfs jalan"" ke Malioboro",,0,0,0,jalan ke malioboro,"['jalan', 'malioboro']",Negative
19,2023-01-01,simplewhoopsy,Ingfo kopi enak di sekitaran Malioboro Dongg https://t.co/xfyYDJO2gw,,0,0,0,ingfo kopi enak di sekitaran malioboro dong,"['ingfo', 'kopi', 'enak', 'sekitaran', 'malioboro']",Positive
20,2023-01-01,rockmansick,"Dulu diajak mantan tahun baruan di malioboro, alhasil penuh dan bisa plg baru dkt2 subuh. Abis itu kapok akwkwk https://t.co/buAK17ZVqt",,0,0,0,dulu diajak mantan tahun baruan di malioboro alhasil penuh dan bisa pulang baru dkt subuh habis itu kapok akwkwk,"['diajak', 'mantan', 'baruan', 'malioboro', 'alhasil', 'penuh', 'pulang', 'dkt', 'subuh', 'habi', 'kapok', 'akwkwk']",Negative
21,2023-01-01,masdirjen,Yang macet tetep Malioboro dan sekitarnya https://t.co/DH83NGlhIQ,,0,0,0,yang macet tetap malioboro dan sekitarnya,"['macet', 'malioboro']",Negative
22,2023-01-01,setiayunina,"Trip Jogja
#nolkilometerJogja #malioboro #Jogja #Yogyakarta https://t.co/qwdE02zlSQ","['nolkilometerJogja', 'malioboro', 'Jogja', 'Yogyakarta']",1,0,0,trip jogja,"['trip', 'jogja']",Negative
23,2023-01-01,mamankyake,"@tanyarlfes ralat 
""Malioboro  Didi Kempot""",,0,0,1,ralat malioboro didi kempot,"['ralat', 'malioboro', 'didi', 'kempot']",Neutral
24,2023-01-01,SragenIDNEWS,"#Pemkab Bakal Bangun Malioboro versi Sragen di Eks Kawasan Nglangon - Radar Solo 
https://t.co/gseQLvbtCR",['Pemkab'],0,0,0,bakal bangun malioboro versi sragen di eks kawasan nglangon radar solo,"['bangun', 'malioboro', 'versi', 'sragen', 'ek', 'kawasan', 'nglangon', 'radar', 'solo']",Neutral
25,2023-01-01,kusumastianto,"Malioboro Jogja malam ini masih rame wisatawan aja,

Padahal besok sudah pada masuk kerja https://t.co/jfYdt5MkBb",,1,1,0,malioboro jogja malam ini masih rame wisatawan saja padahal besok sudah pada masuk kerja,"['malioboro', 'jogja', 'malam', 'rame', 'wisatawan', 'besok', 'masuk', 'kerja']",Negative
26,2023-01-01,oreoenakbgtrr,@oskadonmarklee +malioboro hartigan,,0,0,0,malioboro hartigan,"['malioboro', 'hartigan']",Neutral
27,2023-01-01,doraemo72807409,"@SAPILO802 Alamak jauh amat,gw Jogja Pi kan td kalau ketempat ku tak ajak jalan ke Malioboro
Sugeng ndalu kata suamiku üôÇ https://t.co/yMylpQEfsv",,0,0,1,alamak jauh amatgw jogja tapi kan tadi kalau ketempat ku tak ajak jalan ke malioboro sugeng ndalu kata suamiku,"['alamak', 'amatgw', 'jogja', 'ketempat', 'ku', 'ajak', 'jalan', 'malioboro', 'sugeng', 'ndalu', 'suamiku']",Negative
28,2023-01-01,scherzzando,"plang jln malioboro memang selalu rame dgn org2 swafoto, tnda bukti sudah ke malioboro üòÖ",,0,0,0,plang jalan malioboro memang selalu rame dengan orang swafoto tnda bukti sudah ke malioboro,"['plang', 'jalan', 'malioboro', 'rame', 'orang', 'swafoto', 'tnda', 'bukti', 'malioboro']",Negative
29,2023-01-01,haechaniezzz,malioboro dibukuin ternyata,,0,0,1,malioboro dibukuin ternyata,"['malioboro', 'dibukuin']",Neutral
30,2023-01-01,Tanfidz_T,"Selain itu, pada komik ini kami juga ingin mengenalkan Silat Betawi atau yg juga dikenal dgn Maen Pukulan.
Salah satu sumber datanya adalah buku Maen Pukulan karya GJ Nawi terbitan Pustaka Obor. Buku ini mendapat penghargaan O'ong Maryono Award 2014 di Festival Pencak Malioboro. https://t.co/cY2F4pnEmz",,2,0,1,selain itu pada komik ini kami juga ingin mengenalkan silat betawi atau yang juga dikenal dengan main pukulan salah satu sumber datanya adalah buku main pukulan karya gj nawi terbitan pustaka obor buku ini mendapat penghargaan oong maryono award di festival pencak malioboro,"['komik', 'mengenalkan', 'silat', 'betawi', 'diken', 'main', 'pukulan', 'salah', 'sumber', 'datanya', 'buku', 'main', 'pukulan', 'karya', 'gj', 'nawi', 'terbitan', 'pustaka', 'obor', 'buku', 'penghargaan', 'oong', 'maryono', 'award', 'festiv', 'pencak', 'malioboro']",Negative
31,2023-01-01,diceldays,"Ga lagi lagii dateng ke tugu dan malioboro di malam tahun baruu, enakan tidur dirumahh:)",,0,0,0,enggak lagi lagi datang ke tugu dan malioboro di malam tahun baru enakan tidur dirumahh,"['tugu', 'malioboro', 'malam', 'enakan', 'tidur', 'dirumahh']",Neutral
32,2023-01-01,aukahgelap_,"akhir 2020, awal 2021, Malioboro. https://t.co/m9zw0vmgOg",,0,0,0,akhir awal malioboro,['malioboro'],Neutral
33,2023-01-01,NTMC_Info,"Pantauan Langsung Arus Lalu Lintas Hari Ini Bersama Bripda Mercy, Minggu 1 Januari 2023 melalui CCTV NTMC Polri.
1. SIMP. DAGO, BANDUNG
2. MALIOBORO, YOGYAKARTA

#StopPelanggaranStopKecelakaanKeselamatanUntukKemanusiaan https://t.co/cOq063geH6",['StopPelanggaranStopKecelakaanKeselamatanUntukKemanusiaan'],0,0,1,pantauan langsung arus lalu lintas hari ini bersama bripda mercy minggu januari melalui cctv ntmc polri simp dago bandung malioboro yogyakarta,"['pantauan', 'langsung', 'aru', 'linta', 'bripda', 'merci', 'minggu', 'januari', 'cctv', 'ntmc', 'polri', 'simp', 'dago', 'bandung', 'malioboro', 'yogyakarta']",Negative
34,2023-01-01,itsnotlibving,aku hrus beli buku malioboro,,0,0,0,aku harus beli buku malioboro,"['beli', 'buku', 'malioboro']",Negative
35,2023-01-01,doraemo72807409,@SAPILO802 Boleh tuh ntar gw ajak main ke Malioboro lu gw jajanin gudegüòÇüòÇ,,0,0,1,boleh tuh entar gue ajak main ke malioboro lu gue jajanin gudeg,"['tuh', 'entar', 'gue', 'ajak', 'main', 'malioboro', 'lu', 'gue', 'jajanin', 'gudeg']",Negative
36,2023-01-01,teletubbiespou,@NCTDreamINA jisung hyunggg!!,,0,0,0,jisung hyunggg,"['jisung', 'hyunggg']",Neutral
37,2023-01-01,be_tokumei,"@suntrbl Tadi kata petugasnya, tiba di Tulungagung setelah kereta Malioboro Express...

Kalau tidak salah, berangkat dari Malang sekitar setengah 9an",,0,0,0,tadi kata petugasnya tiba di tulungagung setelah kereta malioboro express kalau tidak salah berangkat dari malang sekitar setengah an,"['petugasnya', 'tulungagung', 'kereta', 'malioboro', 'express', 'salah', 'berangkat', 'malang', 'an']",Positive
38,2023-01-01,guemajikanlu,GUE UDAH CAPEK YA ASLI SAMA SI MALIOBORO,,0,0,0,gue sudah capek ya asli sama sih malioboro,"['gue', 'capek', 'ya', 'asli', 'sih', 'malioboro']",Negative
39,2023-01-01,SangPensil,Jalan2 sendiri ke malioboro trs ke gramedia nemu buku ini langsung beli. Masih inget prequel dr buku ini sangat memberikan life lesson:) https://t.co/ldZGbYsp9z,,0,0,0,jalan sendiri ke malioboro terus ke gramedia nemu buku ini langsung beli masih ingat prequel dari buku ini sangat memberikan life lesson,"['jalan', 'malioboro', 'gramedia', 'nemu', 'buku', 'langsung', 'beli', 'prequel', 'buku', 'life', 'lesson']",Negative
40,2023-01-01,tuliyps,malioboro boro aku dichat duluan,,0,0,0,malioboro boro aku dichat duluan,"['malioboro', 'boro', 'dichat', 'duluan']",Negative
41,2023-01-01,hhyjklmn,"@satriajendral Senang, terus tadi jg ketemu temen, mam bareng, keliling Malioboro puanas dan macet(ga heran si) https://t.co/ZfZqCiHJQe",,6,0,0,senang terus tadi juga ketemu teman mam bareng keliling malioboro puanas dan macetga heran sih,"['senang', 'ketemu', 'teman', 'mam', 'bareng', 'kelil', 'malioboro', 'puana', 'macetga', 'heran', 'sih']",Positive
42,2023-01-01,joeuptudate,"@bein9stressfull bisa ke malioboro, meseum sonobudoyo, keraton, taman sari, ke tugu, alun"" 
itu paling dket",,0,0,1,bisa ke malioboro meseum sonobudoyo keraton taman sari ke tugu alun itu paling dket,"['malioboro', 'meseum', 'sonobudoyo', 'keraton', 'taman', 'sari', 'tugu', 'alun', 'dket']",Negative
43,2023-01-01,Teddyybabe,@bein9stressfull Paling jalan jalan di malioboro aja ga si?,,0,0,0,paling jalan jalan di malioboro saja enggak sih,"['jalan', 'jalan', 'malioboro', 'sih']",Negative
44,2023-01-01,kiaralvly,"happy brithday malio and happy new year semalem aku nonton kembang api di malioboro hehe @malbrtgn ü§çüíê
indah ya kembang apinya mal, apalagi dimalioboro&lt;3 @skysphire https://t.co/47XJHERAJR",,41,1,1,happy brithday malio and happy new year semalem aku menonton kembang api di malioboro hehe indah ya kembang apinya mal apalagi dimalioborolt,"['happi', 'brithday', 'malio', 'and', 'happi', 'new', 'year', 'semalem', 'menonton', 'kembang', 'api', 'malioboro', 'hehe', 'indah', 'ya', 'kembang', 'apinya', 'mal', 'dimalioborolt']",Neutral
45,2023-01-01,evndut,@rpnzle_ ketemu di malioboro cey,,0,0,0,ketemu di malioboro cey,"['ketemu', 'malioboro', 'cey']",Negative
46,2023-01-01,anandamashuri97,Halo min @KAI121 ini malioboro ekspress apakah juga mengalami keterlambatan? Dan sekarang posisi dimana ya,,0,0,0,halo min ini malioboro ekspress apakah juga mengalami keterlambatan dan sekarang posisi dimana ya,"['halo', 'min', 'malioboro', 'ekspress', 'mengalami', 'keterlambatan', 'posisi', 'dimana', 'ya']",Negative
47,2023-01-01,papaanabul,@gryffinnnd Emang enak sih adem sama celana batik yg 15rebuan di Malioboro,,0,0,0,memang enak sih adem sama celana batik yang rebuan di malioboro,"['enak', 'sih', 'adem', 'celana', 'batik', 'rebuan', 'malioboro']",Negative
48,2023-01-01,fairykinara,@tanyakanrl jalan berdua di Malioboro bareng hts ku,,1,0,0,jalan berdua di malioboro bareng hts ku,"['jalan', 'berdua', 'malioboro', 'bareng', 'ht', 'ku']",Positive
49,2023-01-01,raraC0,"@UNSfess_ kmrn ak krl an ngga serame itu kok (stasiun+gerbongnya), tp yg macet di Jogja (area Malioboro busett macet parah, ampe Bus Transjogja-nya numpuk di halte)",,0,0,1,kemarin aku krl an enggak serame itu kok stasiungerbongnya tapi yang macet di jogja area malioboro busett macet parah sampai bus transjogjanya numpuk di halte,"['kemarin', 'krl', 'an', 'seram', 'stasiungerbongnya', 'macet', 'jogja', 'area', 'malioboro', 'busett', 'macet', 'parah', 'bu', 'transjogjanya', 'numpuk', 'halt']",Negative
50,2023-01-01,kaidrizzle,"list novel prioritas yang harus dibeli : 
-Arunika
-Centerpiece
-Malioboro at midnight",,0,0,0,list novel prioritas yang harus dibeli arunika centerpiece malioboro at midnight,"['list', 'novel', 'priorita', 'dibe', 'arunika', 'centerpiec', 'malioboro', 'at', 'midnight']",Negative
51,2023-01-01,lemak__jenuh,"@jogmfs Loko coffee. Samping stasiun persis. 
Atau slasar malioboro. Samping stasiun juga. Dua duanya di jalan pasar kembang",,0,0,0,loko coffee samping stasiun persis atau slasar malioboro samping stasiun juga dua duanya di jalan pasar kembang,"['loko', 'coffe', 'samp', 'stasiun', 'persi', 'slasar', 'malioboro', 'samp', 'stasiun', 'duanya', 'jalan', 'pasar', 'kembang']",Neutral
52,2023-01-01,saealehrt,"@skysphire Wii wiu wiu emergency information guys, ini sangat membanggakan kita bisa megang malio erat erat pas ke Malioboro di jogjakarta, kak sky selamanya yaaaa aku bangga banget sebagai pecinta Malioboro at midnight, lov u banget kakkkk, semangat nyelesain bebannyaaa lov sekali lagi kak",,11,0,1,wii wiu wiu emergency information guys ini sangat membanggakan kita bisa memegang malio erat erat pas ke malioboro di jogjakarta kak sky selamanya ya aku bangga banget sebagai pecinta malioboro at midnight lov lu banget kak semangat menyelesaikan bebannyaaa lov sekali lagi kak,"['wii', 'wiu', 'wiu', 'emerg', 'inform', 'guy', 'membanggakan', 'memegang', 'malio', 'erat', 'erat', 'pa', 'malioboro', 'jogjakarta', 'kak', 'sky', 'ya', 'bangga', 'banget', 'pecinta', 'malioboro', 'at', 'midnight', 'lov', 'lu', 'banget', 'kak', 'semangat', 'menyelesaikan', 'bebannyaaa', 'lov', 'kak']",Positive
53,2023-01-01,ajijava7,suasana Malioboro sore tadi‚òïÔ∏è https://t.co/gnHyVHmNq9,,0,0,0,suasana malioboro sore tadi,"['suasana', 'malioboro', 'sore']",Positive
54,2023-01-01,Itsmeahahaa,BISA BISANYA aku sampe malioboro ga bawa hp,,0,0,0,bisa bisanya aku sampai malioboro enggak bawa hp,"['bisanya', 'malioboro', 'bawa', 'hp']",Neutral
55,2023-01-01,melxscula,kali ini gue harus ikut PO malioboro at midnightüò´ https://t.co/6fZyt4I97G,,0,0,0,kali ini gue harus ikut po malioboro at midnight,"['kali', 'gue', 'po', 'malioboro', 'at', 'midnight']",Negative
56,2023-01-01,leeyus_,"HAHHHH????? can't wait beneran ga boong, AWALI 2023 BERSAMA MALIOBORO HARTIGANNNNNN https://t.co/1XlZeuiVq8",,0,0,0,hahhhh cant wait benaran enggak bohong awali bersama malioboro hartigannnnnn,"['hahhhh', 'cant', 'wait', 'benaran', 'bohong', 'awali', 'malioboro', 'hartigannnnnn']",Negative
57,2023-01-01,markleegf0_,"@skysphire malio kagettt,otiwi peluk readers malioboro at midnightüòçüòç https://t.co/hDl7yM1lAJ",,65,0,0,malio kagetttotiwi peluk readers malioboro at midnight,"['malio', 'kagetttotiwi', 'peluk', 'reader', 'malioboro', 'at', 'midnight']",Negative
58,2023-01-01,kyoriesoera,Ke Malioboro mencari Malioboro Hartigan. Tapi nggak ketemu karena Malioboro Hartigan ke Malioboro untuk mencari Serana. @skysphire https://t.co/WPzKJ9CBUu,,3,0,0,ke malioboro mencari malioboro hartigan tapi enggak ketemu karena malioboro hartigan ke malioboro untuk mencari serana,"['malioboro', 'mencari', 'malioboro', 'hartigan', 'ketemu', 'malioboro', 'hartigan', 'malioboro', 'mencari', 'serana']",Neutral
59,2023-01-01,leoxo17_,"@tanyakanrl Kehilangan dompet di malioboro jogja, tapi untung ada org baik yg mengembalikan",,0,0,0,kehilangan dompet di malioboro jogja tapi untung ada orang baik yang mengembalikan,"['kehilangan', 'dompet', 'malioboro', 'jogja', 'untung', 'orang', 'mengembalikan']",Negative
60,2023-01-01,Skyya3c,"Gaes, bisa wifian di @MalioboroMall dengan #freewifi by @citranet nih :) langsung cari SSID: Malioboro Mall #freewificitranet #freewifijogja","['freewifi', 'freewificitranet', 'freewifijogja']",0,0,0,gaes bisa wifian di dengan by nih langsung cari ssid malioboro mall,"['gae', 'wifian', 'by', 'nih', 'langsung', 'cari', 'ssid', 'malioboro', 'mall']",Negative
61,2023-01-01,Nink_1377,"Malioboro di kala malam 
Napak tilas sama kesayangan ü•∞ https://t.co/LOODcxJBdL",,4,0,0,malioboro di kala malam napak tilas sama kesayangan,"['malioboro', 'malam', 'napak', 'tila', 'kesayangan']",Positive
62,2023-01-01,dityprtm,Besok kalo ada yang tiba-tiba umroh ramean sudah pasti itu tukang parkir tugu jogja dan tukang parkir malioboro.,,0,0,0,besok kalo ada yang tibatiba umroh ramean sudah pasti itu tukang parkir tugu jogja dan tukang parkir malioboro,"['besok', 'kalo', 'tibatiba', 'umroh', 'ramean', 'tukang', 'parkir', 'tugu', 'jogja', 'tukang', 'parkir', 'malioboro']",Negative
63,2023-01-01,loafsjaem,ke jogja (ke malioboro),,0,0,0,ke jogja ke malioboro,"['jogja', 'malioboro']",Negative
64,2023-01-01,akuobs,@KAI121 malam.. Info tarif khusus go show blitar malang malioboro ekspress apakah ada ya? Mohon dijawab.,,0,0,2,malam info tarif khusus go show blitar malang malioboro ekspress apakah ada ya mohon dijawab,"['malam', 'info', 'tarif', 'khusu', 'go', 'show', 'blitar', 'malang', 'malioboro', 'ekspress', 'ya', 'mohon']",Neutral
65,2023-01-01,area_jogja,Suasana menuju kawasan Malioboro saat musim liburan. https://t.co/NicwVOIMge,,35,4,1,suasana menuju kawasan malioboro saat musim liburan,"['suasana', 'kawasan', 'malioboro', 'musim', 'liburan']",Positive
66,2023-01-01,seabryz,@ReceinAja @cmountsan hrusnya kita beli ini pas di malioboro,,0,0,1,harusnya kita beli ini pas di malioboro,"['beli', 'pa', 'malioboro']",Negative
67,2023-01-01,februaiden,"Time flies so fast.. kayaknya baru kemaren dijemput di stasiun. Terus sarapan bubur ayam, terus ke Malioboro. Kelonan, main ketemu Sen, jajan bloomery sama mie nyinyir. Tau-tau udah waktunya pulang. üòû https://t.co/K3zJkIFWC8",,1,1,1,time flies sok fast kayaknya baru kemarin dijemput di stasiun terus sarapan bubur ayam terus ke malioboro kelonan main ketemu sen jajan bloomery sama mie nyinyir tautau sudah waktunya pulang,"['time', 'fli', 'sok', 'fast', 'kayaknya', 'kemarin', 'dijemput', 'stasiun', 'sarapan', 'bubur', 'ayam', 'malioboro', 'kelonan', 'main', 'ketemu', 'sen', 'jajan', 'bloomeri', 'mie', 'nyinyir', 'tautau', 'pulang']",Positive
68,2023-01-01,mbokiJah18,"Dull....  Jogja you make me melt
#Jogja #jogjaistimewa #malioboro https://t.co/Inr3DsK31J","['Jogja', 'jogjaistimewa', 'malioboro']",1,0,0,dull jogja you memakai me melt,"['dull', 'jogja', 'you', 'memakai', 'me', 'melt']",Negative
69,2023-01-01,hartatahtapev,"komunikasi tu dua arah, nek searah jenenge jalan malioboro ges.",,0,0,1,komunikasi itu dua arah nek searah jenenge jalan malioboro ges,"['komunikasi', 'arah', 'nek', 'searah', 'jeneng', 'jalan', 'malioboro', 'ge']",Negative
70,2023-01-01,Baeoutiful,Info hotel di Jogja yang deket Malioboro,,0,0,0,info hotel di jogja yang dekat malioboro,"['info', 'hotel', 'jogja', 'malioboro']",Neutral
71,2023-01-01,mr_bonjol,"Bonus pemandangan Jogja. Area Malioboro masih terlihat Ramai. Stasiun Tugu Juga terlihat ramai. Puncak arus balik liburan. Senin, anak2 sekolah sudah mulai masuk. https://t.co/qiTEBztnnP",,0,0,1,bonus pemandangan jogja area malioboro masih terlihat ramai stasiun tugu juga terlihat ramai puncak arus balik liburan senin anak sekolah sudah mulai masuk,"['bonu', 'pemandangan', 'jogja', 'area', 'malioboro', 'ramai', 'stasiun', 'tugu', 'ramai', 'puncak', 'aru', 'liburan', 'senin', 'anak', 'sekolah', 'masuk']",Positive
72,2023-01-01,LeeoTaeyong,2023 minimal bisa ketemu yang modelan si malioboro hartigan versi muslim nggak,,0,0,0,minimal bisa ketemu yang modelan sih malioboro hartigan versi muslim enggak,"['minim', 'ketemu', 'modelan', 'sih', 'malioboro', 'hartigan', 'versi', 'muslim']",Neutral
73,2023-01-01,ThePhlnthrpst,"pisan pisan nongkrong ning angkringan Malioboro, ngerasake dadi wisatawan xixixi https://t.co/LyuTRPKsIk",,1,1,0,pisan pisan nongkrong ning angkringan malioboro ngerasake dadi wisatawan xixixi,"['pisan', 'pisan', 'nongkrong', 'ning', 'angkringan', 'malioboro', 'ngerasak', 'dadi', 'wisatawan', 'xixixi']",Positive
74,2023-01-01,2023xqid,bisa yuk mulai bulan ini balik lagi naik kereta malioboro express alias balik jogja lagiü•∫,,0,0,0,bisa yuk mulai bulan ini balik lagi naik kereta malioboro express alias balik jogja lagi,"['yuk', 'kereta', 'malioboro', 'express', 'alia', 'jogja']",Negative
75,2023-01-01,tashatrrr,"@cenie__e @tamabaid @jagathartadi dm aja nder kita diskusi dulu, harga masi under kok hehehehe. lebih murah dari malioboro. asal km gak nitip dokar aja bisa kok.",,0,0,1,e dm saja nder kita diskusi dulu harga masih under kok hehehehe lebih murah dari malioboro asal kamu enggak nitip dokar saja bisa kok,"['e', 'dm', 'nder', 'diskusi', 'harga', 'under', 'heheheh', 'murah', 'malioboro', 'nitip', 'dokar']",Positive
76,2023-01-01,nangka_kuning,gais ak comeback karena pengin baca au Malioboro,,1,0,0,gais aku comeback karena pengin baca au malioboro,"['gai', 'comeback', 'pengin', 'baca', 'au', 'malioboro']",Negative
77,2023-01-01,itsihee,Sering wkwkwk. Ke malioboro aja sendirian ü§™ https://t.co/EmQhaXvv7C,,0,0,0,sering wkwkwk ke malioboro saja sendirian,"['wkwkwk', 'malioboro']",Negative
78,2023-01-01,jjknlaa,@oxceanvk teras malioboro ayy,,0,0,1,teras malioboro ayy,"['tera', 'malioboro', 'ayi']",Positive
79,2023-01-01,convomf,"üíô aku besok ke jogja. ada saran ga tempat (selain malioboro, tamansari dan keraton yaa, udh sering wkwk) apa yang bisa dikunjungin bareng temen sekalian main gitu? bingung banget. tadinya mau ke glzoo tapi muahal sekali tiketnya :(. atau ada rekomendasi ngapain gitu?? thankyou.",,0,0,1,aku besok ke jogja ada saran enggak tempat selain malioboro tamansari dan keraton ya sudah sering wkwk apa yang bisa dikunjungin bareng teman sekalian main begitu bingung banget tadinya mau ke glzoo tapi muahal sekali tiketnya atau ada rekomendasi mengapai begitu thankyou,"['besok', 'jogja', 'saran', 'malioboro', 'tamansari', 'keraton', 'ya', 'wkwk', 'dikunjungin', 'bareng', 'teman', 'main', 'bingung', 'banget', 'glzoo', 'muahal', 'tiketnya', 'rekomendasi', 'mengapai', 'thankyou']",Positive
80,2023-01-01,tanpakarena_,@jogmfs bar mbelah malioboro neng grasia ndandani pola pikir,,0,0,0,bar mbelah malioboro neng grasia ndandani pola pikir,"['bar', 'mbelah', 'malioboro', 'neng', 'grasia', 'ndandani', 'pola', 'pikir']",Negative
81,2023-01-01,invisibIex,@99sblue @moonareas benerkan Malioboro itu jalan Jogja,,0,0,0,benerkan malioboro itu jalan jogja,"['benerkan', 'malioboro', 'jalan', 'jogja']",Negative
82,2023-01-01,kcjnderr,@moonareas malioboro itu siapa,,0,0,0,malioboro itu siapa,['malioboro'],Neutral
83,2023-01-01,_sixbalax_,"@BarisanOpOsisi mirota-hamzah, malioboro",,1,0,1,mirotahamzah malioboro,"['mirotahamzah', 'malioboro']",Neutral
84,2023-01-01,indra_susanto,"Arah malioboro terpantau masih padat.
Yang dari Mangkubumi ga bisa langsung belok di jembatan kleringan,masih ditutup harus muterin kridosono https://t.co/VlgzNVbSwA",,0,0,0,arah malioboro terpantau masih padat yang dari mangkubumi enggak bisa langsung belok di jembatan kleringanmasih ditutup harus muterin kridosono,"['arah', 'malioboro', 'terpantau', 'padat', 'mangkubumi', 'langsung', 'belok', 'jembatan', 'kleringanmasih', 'ditutup', 'muterin', 'kridosono']",Neutral
85,2023-01-01,bolehjadibaiq,"Selain suara kendaraan, suara lato-lato juga terpantau menghiasi Malioboro https://t.co/ZSr2YITOoS",,3,0,1,selain suara kendaraan suara latolato juga terpantau menghiasi malioboro,"['suara', 'kendaraan', 'suara', 'latolato', 'terpantau', 'menghiasi', 'malioboro']",Negative
86,2023-01-01,detikcom,"#Foto Malioboro Jogja tetap memiliki daya tarik untuk para wisatawan menghabiskan hari pertama tahun 2023. Begini suasana kawasan Malioboro Jogja, Minggu (1/1/2023).

Foto: Dok. Anggah - detikJateng https://t.co/GNAB08TY4r",['Foto'],6,3,1,malioboro jogja tetap memiliki daya tarik untuk para wisatawan menghabiskan hari pertama tahun begini suasana kawasan malioboro jogja minggu foto dok anggah detikjateng,"['malioboro', 'jogja', 'memiliki', 'daya', 'tarik', 'wisatawan', 'menghabiskan', 'suasana', 'kawasan', 'malioboro', 'jogja', 'minggu', 'foto', 'dok', 'anggah', 'detikjateng']",Positive
87,2023-01-01,NTMC_Info,"Pantauan Langsung Arus Lalu Lintas Hari Ini Bersama Bripda Mercy, Minggu 1 Januari 2023 melalui CCTV NTMC Polri.
1. JEMB. LAYANG MAMPANG, JAKSEL
2. MALIOBORO, YOGYAKARTA

#StopPelanggaranStopKecelakaanKeselamatanUntukKemanusiaan https://t.co/Zxns6cAeFZ",['StopPelanggaranStopKecelakaanKeselamatanUntukKemanusiaan'],0,0,0,pantauan langsung arus lalu lintas hari ini bersama bripda mercy minggu januari melalui cctv ntmc polri jemb layang mampang jaksel malioboro yogyakarta,"['pantauan', 'langsung', 'aru', 'linta', 'bripda', 'merci', 'minggu', 'januari', 'cctv', 'ntmc', 'polri', 'jemb', 'layang', 'mampang', 'jaksel', 'malioboro', 'yogyakarta']",Negative
88,2023-01-01,IkpefuaMarve,Ngepit tkan malioboro malah emosi dewe ro macete,,1,0,0,ngepit tkan malioboro malah emosi dewe ro macete,"['ngepit', 'tkan', 'malioboro', 'emosi', 'dew', 'ro', 'macet']",Negative
89,2023-01-01,youniversezX1,"@tanyarlfes Xiaomi Redmi Note 10 5G karena ak kmrn mw nyari Samsung A22 5G tpi dh susah bgt, emg nyari yg 5G nya dan kmrn Des'22 di Malioboro Jogja ak bisa ngerasain 5G for first time GILAK KENCENG BGT",,1,0,1,xiaomi redmi note enggak karena aku kemarin mau mencari samsung a enggak tapi dah susah banget memang mencari yang enggak nya dan kemarin des di malioboro jogja aku bisa merasai enggak for first time gila kencang banget,"['xiaomi', 'redmi', 'note', 'kemarin', 'mencari', 'samsung', 'a', 'dah', 'susah', 'banget', 'mencari', 'nya', 'kemarin', 'de', 'malioboro', 'jogja', 'merasai', 'for', 'first', 'time', 'gila', 'kencang', 'banget']",Negative
90,2023-01-01,slvaacrviee,malioboro rame bgt cok,,0,0,0,malioboro rame banget cok,"['malioboro', 'rame', 'banget', 'cok']",Positive
91,2023-01-01,piscesdarling,"Malioboro, 1 Januari 2023. https://t.co/meyzADjcUe",,0,0,0,malioboro januari,"['malioboro', 'januari']",Negative
92,2023-01-01,dobbynoonaaa,@eubniie malioboro at midnight udah end blum ya?,,1,0,1,malioboro at midnight sudah end belum ya,"['malioboro', 'at', 'midnight', 'end', 'ya']",Negative
93,2023-01-01,DannyFajar10,@gibran_tweet Mas wali..ijin saran mawon.. utk pedestrian sepanjang ngarsopuro dan koridor Gatsu...rutin dibersihkan..bukan hanya di sapu saja tapi di sikat pake mesin..sperti malioboro ..utk kenyamanan wisatawan..nuwun,,0,0,0,tweet mas waliijin saran mawon untuk pedestrian sepanjang ngarsopuro dan koridor gatsurutin dibersihkanbukan hanya di sapu saja tapi di sikat pakai mesinsperti malioboro untuk kenyamanan wisatawannuwun,"['tweet', 'ma', 'waliijin', 'saran', 'mawon', 'pedestrian', 'ngarsopuro', 'koridor', 'gatsurutin', 'dibersihkanbukan', 'sapu', 'sikat', 'pakai', 'mesinsperti', 'malioboro', 'kenyamanan', 'wisatawannuwun']",Neutral
94,2023-01-01,simplewhoopsy,"Mixue dmn"" ya Ampe masuk mall Malioboro https://t.co/j1NUjmdop5",,0,0,1,mixue dimana ya sampai masuk mall malioboro,"['mixu', 'dimana', 'ya', 'masuk', 'mall', 'malioboro']",Negative
95,2023-01-01,simplewhoopsy,Yg lgi di Malioboro ajak gw maen dong kulineran kek gw gabut bingung mau kmn,,0,0,0,yang lagi di malioboro ajak gue main dong kulineran kayak gue gabut bingung mau kemana,"['malioboro', 'ajak', 'gue', 'main', 'kulineran', 'kayak', 'gue', 'gabut', 'bingung', 'kemana']",Negative
96,2023-01-01,area_jogja,"@wamhaR94 Ditawar bisa Lur kl di Teras Malioboro, jangan sungkan sungkan üòÅ",,0,0,0,ditawar bisa lur kalo di teras malioboro jangan sungkan sungkan,"['ditawar', 'lur', 'kalo', 'tera', 'malioboro', 'sungkan', 'sungkan']",Positive
97,2023-01-01,uuksan,Tau gitu tadi dari amplaz pake 1a aja yg arah malioboro-prambanan.,,0,0,0,tau begitu tadi dari amplaz pakai a saja yang arah malioboroprambanan,"['tau', 'amplaz', 'pakai', 'a', 'arah', 'malioboroprambanan']",Positive
98,2023-01-01,yuzaarchive,"pas ke jogja mau ke Malioboro gasengaja ngelewatin UGM, pas liat kampus UGM, ajgg nyali gw menciut seketika insecure:(",,0,0,0,pas ke jogja mau ke malioboro gasengaja ngelewatin ugm pas lihat kampus ugm ajgg nyali gue menciut seketika insecure,"['pa', 'jogja', 'malioboro', 'gasengaja', 'ngelewatin', 'ugm', 'pa', 'lihat', 'kampu', 'ugm', 'ajgg', 'nyali', 'gue', 'menciut', 'insecur']",Negative
99,2023-01-01,SuicideLeopardz,@Bimosicenk kancane sek siji jare lagi njogo malioboro,,0,0,0,kancane sek siji jare lagi njogo malioboro,"['kancan', 'sek', 'siji', 'jare', 'njogo', 'malioboro']",Neutral
100,2023-01-01,Askrlfess,"[askrl] aku besok ke jogja. ada saran ga tempat (selain malioboro, tamansari dan keraton yaa, udh sering wkwk) apa yang bisa dikunjungin bareng temen sekalian main gitu? bingung banget. tadinya mau ke glzoo tapi muahal sekali tiketnya :(. atau ada rekomendasi ngapain (cont)",,2,0,7,askrl aku besok ke jogja ada saran enggak tempat selain malioboro tamansari dan keraton ya sudah sering wkwk apa yang bisa dikunjungin bareng teman sekalian main begitu bingung banget tadinya mau ke glzoo tapi muahal sekali tiketnya atau ada rekomendasi mengapai cont,"['askrl', 'besok', 'jogja', 'saran', 'malioboro', 'tamansari', 'keraton', 'ya', 'wkwk', 'dikunjungin', 'bareng', 'teman', 'main', 'bingung', 'banget', 'glzoo', 'muahal', 'tiketnya', 'rekomendasi', 'mengapai', 'cont']",Positive
101,2023-01-01,wamhaR94,"@area_jogja Saya tu kaget kemarin saat belanja di Teras Malioboro beli kacamata biasa anak kecil dihargai Rp. 55ribu hahah 
Yo uwis lah rasido tuku üòÅ",,0,0,2,jogja saya itu kaget kemarin saat belanja di teras malioboro beli kacamata biasa anak kecil dihargai rp ribu hahah ya uwis lah rasido tuku,"['jogja', 'kaget', 'kemarin', 'belanja', 'tera', 'malioboro', 'beli', 'kacamata', 'anak', 'dihargai', 'rp', 'ribu', 'hahah', 'ya', 'uwi', 'rasido', 'tuku']",Negative
102,2023-01-01,mas_agsan,"Teras Malioboro Jogja
Tempat jualan oleh2 yang baru di Malioboro (pindahan dr kanan kiri jalan Malioboro) https://t.co/b4yoDyR7ne",,0,0,0,teras malioboro jogja tempat jualan oleh yang baru di malioboro pindahan dari kanan kiri jalan malioboro,"['tera', 'malioboro', 'jogja', 'jualan', 'malioboro', 'pindahan', 'kanan', 'kiri', 'jalan', 'malioboro']",Negative
103,2023-01-01,woysibal,mau ke malioboro ü•πü•π,,0,0,0,mau ke malioboro,['malioboro'],Neutral
104,2023-01-01,vksjj7,@vallensed @hhouwl @AsiaPikirrr @pise_co esse sm malioboro jg,,0,0,0,cowok esse sama malioboro juga,"['cowok', 'ess', 'malioboro']",Negative
105,2023-01-01,dicoIek,@moonareas malioboro kh,,0,0,0,malioboro kah,"['malioboro', 'kah']",Neutral
106,2023-01-01,marveeil,@IniAlalalannn sama malioboro yhh https://t.co/6jZMhNOC5a,,0,0,0,sama malioboro yhh,"['malioboro', 'yhh']",Neutral
107,2023-01-01,detik_jateng,Menikmati Hari Pertama 2023 di Kawasan Malioboro Jogja https://t.co/9VAtfdPJA4,,0,0,0,menikmati hari pertama di kawasan malioboro jogja,"['menikmati', 'kawasan', 'malioboro', 'jogja']",Negative
108,2023-01-01,arnetshelby,"@rrndmppl üò≠üò≠üò≠ iya sama sama, semoga kalian bisa ngebolang jam 2 pagi di malioboro ya KARENA MUST TRY COK SERU BANGET ASLIAANN",,0,0,1,iya sama sama semoga kalian bisa ngebolang jam pagi di malioboro ya karena must try cok seru banget asliaann,"['iya', 'semoga', 'ngebolang', 'jam', 'pagi', 'malioboro', 'ya', 'must', 'tri', 'cok', 'seru', 'banget', 'asliaann']",Positive
109,2023-01-01,SCTV,"Kawasan Malioboro Yogyakarta membludak oleh para pengunjung. Sejak pagi, wisatawan terus berdatangan. Lalu lintas padat, di trotoar pun warga berjubel.

#Liputan6SCTV 

Berita lainnya: https://t.co/qb6lW4Vzxl https://t.co/zTG8ZMd59g",['Liputan6SCTV'],8,1,0,kawasan malioboro yogyakarta membludak oleh para pengunjung sejak pagi wisatawan terus berdatangan lalu lintas padat di trotoar pun warga berjubel berita lainnya,"['kawasan', 'malioboro', 'yogyakarta', 'membludak', 'pengunjung', 'pagi', 'wisatawan', 'linta', 'padat', 'trotoar', 'warga', 'berjubel', 'berita']",Negative
110,2023-01-01,detik_jateng,"Berburu Oleh-oleh, Wisatawan Serbu Kawasan Malioboro Siang Ini https://t.co/wctIseXMV2",,0,0,0,berburu oleholeh wisatawan serbu kawasan malioboro siang ini,"['berburu', 'oleholeh', 'wisatawan', 'serbu', 'kawasan', 'malioboro', 'siang']",Neutral
111,2023-01-01,nuwemen,"Daripada nunggu di depan teras Malioboro 2 yang hawanya cukup subhanallah ini, aku ajaklah nenek sama 1 cucu yang agak kurang enak badan ke masjid. Belum sholat juga. Biar lebih adem nunggunya.

üëµ: ""Ada bawa mukena kah?""
ü§ñMe: ""di masjid pasti ada banyak""",,0,0,1,daripada menunggu di depan teras malioboro yang hawanya cukup subhanallah ini aku ajaklah nenek sama cucu yang agak kurang enak badan ke masjid belum sholat juga biar lebih adem nunggunya ada bawa mukena kah me di masjid pasti ada banyak,"['menunggu', 'tera', 'malioboro', 'hawanya', 'subhanallah', 'ajaklah', 'nenek', 'cucu', 'enak', 'badan', 'masjid', 'sholat', 'biar', 'adem', 'nunggunya', 'bawa', 'mukena', 'kah', 'me', 'masjid']",Positive
112,2023-01-01,nuwemen,"#MendadakTourGuide 
Nganter keluarga besar cucu dari sepupunya nenek ke Malioboro

Terakhir ketemu 2007 karena beliau sekeluarga transmigrasi. Kontak juga gapernah karena silsilahnya jauuh. Jadi emang gak kenal-kenal amat https://t.co/rraQYYMNcc",['MendadakTourGuide'],0,0,1,nganter keluarga besar cucu dari sepupunya nenek ke malioboro terakhir ketemu karena beliau sekeluarga transmigrasi kontak juga enggak pernah karena silsilahnya jauuh jadi memang enggak kenalkenal amat,"['nganter', 'keluarga', 'cucu', 'sepupunya', 'nenek', 'malioboro', 'ketemu', 'beliau', 'sekeluarga', 'transmigrasi', 'kontak', 'silsilahnya', 'jauuh', 'kenalken']",Negative
113,2023-01-01,ayayangmu,"AAAAA KANGEN JOGJAAA
kangen supek-supekan di malioboro pas taun baru üòû https://t.co/RGZprZao2v",,0,0,0,aaaaa kangen jogjaaa kangen supeksupekan di malioboro pas tahun baru,"['aaaaa', 'kangen', 'jogjaaa', 'kangen', 'supeksupekan', 'malioboro', 'pa']",Positive
114,2023-01-01,area_jogja,"Musim liburan, Jalan Malioboro selalu padat merayap. 

Semoga wisatawan membawa rejeki untuk banyak orang üôè https://t.co/Na9FiGlZy6",,35,6,1,musim liburan jalan malioboro selalu padat merayap semoga wisatawan membawa rejeki untuk banyak orang,"['musim', 'liburan', 'jalan', 'malioboro', 'padat', 'merayap', 'semoga', 'wisatawan', 'membawa', 'rejeki', 'orang']",Positive
115,2023-01-01,pacarnyajeno_o,boleh ga si wish 2023 dapet cowo kaya malioboro???????,,0,0,0,boleh enggak sih wish dapat cowok kayak malioboro,"['sih', 'wish', 'cowok', 'kayak', 'malioboro']",Negative
116,2023-01-01,De_Liput,"Tak Ada PPKM, Pengunjung di Malioboro Yogyakarta Membludak | Liputan 6 https://t.co/Z5ob2Ulgv1",,0,4,0,tak ada ppkm pengunjung di malioboro yogyakarta membludak liputan,"['ppkm', 'pengunjung', 'malioboro', 'yogyakarta', 'membludak', 'liputan']",Negative
117,2023-01-01,koramil03ksh,Babinsa Koramil 03/Kasihan Kodim 0729Bantul.Serda Fajrul Karim melaksanakan Komsos dg Bapak Muji Ariyanto warga Nitipuran Ngestiharjo yg berprofesi sbg Kusir di Malioboro. https://t.co/dsY0R19onS,,0,0,0,babinsa koramil kasihan kodim bantulserda fajrul karim melaksanakan komsos dengan bapak muji ariyanto warga nitipuran ngestiharjo yang berprofesi sebagai kusir di malioboro,"['babinsa', 'koramil', 'kasihan', 'kodim', 'bantulserda', 'fajrul', 'karim', 'melaksanakan', 'komso', 'muji', 'ariyanto', 'warga', 'nitipuran', 'ngestiharjo', 'berprofesi', 'kusir', 'malioboro']",Negative
118,2023-01-01,rumajarumija,@goodgirl160 di teras malioboro,,0,0,1,di teras malioboro,"['tera', 'malioboro']",Positive
119,2023-01-01,charvie_s,@KAI121 Yogyakarta ikon nya jelas malioboro dan sarkem nya jgn lupa makanan khas jogja nya gudeg bu dhe sama bakpia 25...hahahha @kamilryan33 @mjae58 @ekaisback #KAI121 #AyonaikKereta,"['KAI121', 'AyonaikKereta']",0,0,0,yogyakarta ikon nya jelas malioboro dan sarkem nya jangan lupa makanan khas jogja nya gudeg bu deh sama bakpia hahahha,"['yogyakarta', 'ikon', 'nya', 'malioboro', 'sarkem', 'nya', 'lupa', 'makanan', 'kha', 'jogja', 'nya', 'gudeg', 'bu', 'deh', 'bakpia', 'hahahha']",Positive
120,2023-01-01,yaelahnong,jalan2 sendirian di malioboro rill sprti orgil,,0,0,0,jalan sendirian di malioboro rill seperti orgil,"['jalan', 'malioboro', 'rill', 'orgil']",Negative
121,2023-01-01,sea17072016,@sipaling233 Yuk renang ..,,0,0,0,yuk renang,"['yuk', 'renang']",Neutral
122,2023-01-01,ady_ico,Lah dulu di malioboro sebelum relokasi ada ginian wkwk https://t.co/l1DRkgA7ky,,0,0,0,lah dulu di malioboro sebelum relokasi ada beginian wkwk,"['malioboro', 'relokasi', 'wkwk']",Neutral
123,2023-01-01,nanasyl7,"@skysphire Wahhh HAPPY BIRTHDAY MAS MALIOBORO, SEMOGA CEPAT JADI NYATA YAAAA!! JANGAN SUKA BIKIN ANAK ORANG BAPER KALO NGGAK BISA DI GAPAI! HAPPY BIRTHDAYüéÇüéâüéÅ",,1,0,0,wah happy birthday mas malioboro semoga cepat jadi nyata ya jangan suka bikin anak orang bawa perasaan kalo enggak bisa di gapai happy birthday,"['happi', 'birthday', 'ma', 'malioboro', 'semoga', 'cepat', 'nyata', 'ya', 'suka', 'bikin', 'anak', 'orang', 'bawa', 'perasaan', 'kalo', 'gapai', 'happi', 'birthday']",Negative
124,2023-01-01,vitanuruls,malioboro mall tu ruet bgt mboh,,0,0,0,malioboro mall itu ruet banget mboh,"['malioboro', 'mall', 'ruet', 'banget', 'mboh']",Negative
125,2023-01-01,apaanhayoo8,@tanyakanrl Nasi goreng + sosis indomaret + sate ayam malioboro,,0,0,0,nasi goreng sosis indomaret sate ayam malioboro,"['nasi', 'goreng', 'sosi', 'indomaret', 'sate', 'ayam', 'malioboro']",Positive
126,2023-01-01,Nink_1377,"@semanisLambeku8 Ayuklah cus ke mana 
Ke Malioboro üòÇ",,0,0,1,ayuklah cus ke mana ke malioboro,"['ayuklah', 'cu', 'malioboro']",Neutral
127,2023-01-01,NaylaAzkiaa,"@AbanggSayur Eh.. 
Aku lagi di jogja nih
Mobil kuparkir di ps beringharjo 
Lalu jalan kaki, menyusuri malioboro",,1,0,2,eh aku lagi di jogja nih mobil kuparkir di pas beringharjo lalu jalan kaki menyusuri malioboro,"['eh', 'jogja', 'nih', 'mobil', 'kuparkir', 'pa', 'beringharjo', 'jalan', 'kaki', 'menyusuri', 'malioboro']",Negative
128,2023-01-01,NaylaAzkiaa,"@AbanggSayur Iiihhh....
Aku lagi di pasar beringharjo nih

Menikmati tahun baru, dan makan sate di emperan malioboro https://t.co/SrRt7v1I3N",,2,0,1,iiihhh aku lagi di pasar beringharjo nih menikmati tahun baru dan makan sate di emperan malioboro,"['iiihhh', 'pasar', 'beringharjo', 'nih', 'menikmati', 'makan', 'sate', 'emperan', 'malioboro']",Neutral
129,2023-01-01,ecicicuit,"@LMH1640 @solarsaiIer @andreasdjorgi_ @gibran_tweet Iya iya si paling anak kota üòÅ t..tt..tapii itu bolanya udah mendunia sih sampek ke perancis yg katanya kiblat fashion juga. Ya gimana yaa. Kalo masalah makan tempat, berapa banyak sih pejalan kaki di indonesia ?? Kek bakal penuh aja. Mentok kayak malioboro pun ramenya musiman. https://t.co/hPSVuejj42",,0,0,1,tweet iya iya sih paling anak kota ttttapii itu bolanya sudah mendunia sih sampai ke perancis yang katanya kiblat fashion juga ya bagaimana ya kalo masalah makan tempat berapa banyak sih pejalan kaki di indonesia kayak bakal penuh saja mentok kayak malioboro pun ramenya musiman,"['tweet', 'iya', 'iya', 'sih', 'anak', 'kota', 'ttttapii', 'bolanya', 'mendunia', 'sih', 'peranc', 'kiblat', 'fashion', 'ya', 'ya', 'kalo', 'makan', 'sih', 'pejalan', 'kaki', 'indonesia', 'kayak', 'penuh', 'mentok', 'kayak', 'malioboro', 'ramenya', 'musiman']",Negative
130,2023-01-01,jogjapokeid,"lumayan padat menuju malioboro siang ini.
lik @JogjaUpdate https://t.co/4YgGuEfKWM",,19,5,0,lumayan padat menuju malioboro siang ini lik,"['lumayan', 'padat', 'malioboro', 'siang', 'lik']",Positive
131,2023-01-01,detikcom,"Tahun baru di Malioboro, Yogyakarta berlangsung perdana tanpa penerapan PPKM. Pengunjung mayoritas tidak menggunakan masker. https://t.co/21tfWDfuCo",,20,6,1,tahun baru di malioboro yogyakarta berlangsung perdana tanpa penerapan ppkm pengunjung mayoritas tidak menggunakan masker,"['malioboro', 'yogyakarta', 'perdana', 'penerapan', 'ppkm', 'pengunjung', 'mayorita', 'masker']",Neutral
132,2023-01-01,Mrizwnf_,Semalem ada yg liat aku ga di Malioboro wkwk #HappyNewYear #Yogyakarta https://t.co/fzFikPtUez,"['HappyNewYear', 'Yogyakarta']",267,5,12,semalem ada yang lihat aku enggak di malioboro wkwk,"['semalem', 'lihat', 'malioboro', 'wkwk']",Positive
133,2023-01-01,RadioElshinta,"11.18: Arus lalu lintas di jalan Malioboro didepan Pasar Bringharjo, Yogyakarta terpantau padat.
Via CCTV @ATCS_DISHUB_DIY
#TahunBaruElshinta https://t.co/YkvQMGa7MJ",['TahunBaruElshinta'],3,0,0,arus lalu lintas di jalan malioboro didepan pasar bringharjo yogyakarta terpantau padat via cctv dishubdiy,"['aru', 'linta', 'jalan', 'malioboro', 'didepan', 'pasar', 'bringharjo', 'yogyakarta', 'terpantau', 'padat', 'via', 'cctv', 'dishubdiy']",Neutral
134,2023-01-01,geewon2112,@Darrxn_00 Di malioboro bukan itu dar?,,0,0,1,di malioboro bukan itu dar,"['malioboro', 'dar']",Neutral
135,2023-01-01,qtieyjw,bener bener miksu ad di malioboro https://t.co/OpjC2OD5aq,,1,0,1,benar benar miksu ada di malioboro,"['miksu', 'malioboro']",Neutral
136,2023-01-01,upilnyamisell,"smalemm sih rasanya sneng gtuu mw ke tugu kek yaa udh tradisi lahh klo mlem thn bru di tugu klo gk malioboro cmn yh kejauhan jdinya yaa di tugu aj deh, dan yha emg cmn jalan kaki aj, iyh emg krn dket rumah sm tugu c skalian olahraga mlem juga itung2 heheh jujur capee bgt pegel2:)",,0,0,1,smalemm sih rasanya senang begitu mau ke tugu kayak ya sudah tradisi lah kalo mlem tahun baru di tugu kalo enggak malioboro cuman ya kejauhan jdinya ya di tugu saja deh dan ya memang cuman jalan kaki saja iya memang karena dket rumah sama tugu sih skalian olahraga mlem juga itung heheh jujur cape banget pegel,"['smalemm', 'sih', 'senang', 'tugu', 'kayak', 'ya', 'tradisi', 'kalo', 'mlem', 'tugu', 'kalo', 'malioboro', 'cuman', 'ya', 'kejauhan', 'jdinya', 'ya', 'tugu', 'deh', 'ya', 'cuman', 'jalan', 'kaki', 'iya', 'dket', 'rumah', 'tugu', 'sih', 'skalian', 'olahraga', 'mlem', 'itung', 'heheh', 'jujur', 'cape', 'banget', 'pegel']",Negative
137,2023-01-01,tudepoincom,"Ribuan Wisatawan Penuhi Jalan Malioboro, Kota Yogyakarta

https://t.co/ylWoLxbr4R",,0,0,0,ribuan wisatawan penuhi jalan malioboro kota yogyakarta,"['ribuan', 'wisatawan', 'penuhi', 'jalan', 'malioboro', 'kota', 'yogyakarta']",Neutral
138,2023-01-01,RadioElshinta,"09.32: Arus lalu lintas di jalan Malioboro depan Hotel Inna Garuda, Yogyakarta terpantau padat.
Via CCTV @ATCS_DISHUB_DIY
#TahunBaruElshinta https://t.co/mnaQIRDFWA",['TahunBaruElshinta'],2,0,0,arus lalu lintas di jalan malioboro depan hotel inna garuda yogyakarta terpantau padat via cctv dishubdiy,"['aru', 'linta', 'jalan', 'malioboro', 'hotel', 'inna', 'garuda', 'yogyakarta', 'terpantau', 'padat', 'via', 'cctv', 'dishubdiy']",Neutral
139,2023-01-01,UGM_FESS,"ugm_fess saranin tempat nugas di sekitaran malioboro dong, sender masih nugas di libur tahun baru iniüò©",,1,0,1,ugmfess menyarankan tempat nugas di sekitaran malioboro dong sender masih nugas di libur tahun baru ini,"['ugmfess', 'menyarankan', 'nuga', 'sekitaran', 'malioboro', 'sender', 'nuga', 'libur']",Negative
140,2023-01-01,valnesi,@JungleBlade Lancar tapi ga sampe akhir soalnya malioboro rame bgt,,0,0,0,lancar tapi enggak sampai akhir soalnya malioboro rame banget,"['lancar', 'malioboro', 'rame', 'banget']",Positive
141,2023-01-01,IndraMenus,"@gagadc Disini paling area Malioboro yg macet tp kyk jalan2 lain tu lancar :) lapangan deket rumahku jg biasa aja, kelihatan aneh wkwke",,0,0,0,disini paling area malioboro yang macet tapi kayak jalan lain itu lancar lapangan dekat rumahku juga biasa saja kelihatan aneh wkwke,"['area', 'malioboro', 'macet', 'kayak', 'jalan', 'lancar', 'lapangan', 'rumahku', 'aneh', 'wkwke']",Negative
142,2023-01-01,Dwinamanya_,"@gibran_tweet Tak akoni jos kowe mas ,tapi kalau punya kantong parkir sendiri kaya malioboro dan jalanan ngarso puro steril parkir mungkin lebih keren",,0,0,0,tweet tak akoni jos kowe mas tapi kalau punya kantong parkir sendiri kayak malioboro dan jalanan ngarso puro steril parkir mungkin lebih keren,"['tweet', 'akoni', 'jo', 'kow', 'ma', 'kantong', 'parkir', 'kayak', 'malioboro', 'jalanan', 'ngarso', 'puro', 'steril', 'parkir', 'keren']",Negative
143,2023-01-01,JangHannaaaa,"@riasagita85 @tanyarlfes Malioboro itu yg aku pngen bgt kesana dr masih gadis blm keturutan.
(pdhl suami jg pernah janjiin itu dulu pas mau nikah)
tp krn jauh dan gapernah kesana jd agak takut kesana sendiriüòÖüòÖ
tp dr dulu udah ada plan kesana sih meskipun sm anak, naik kereta, masih plan doangüòÖ",,0,0,1,malioboro itu yang aku pengin banget kesana dari masih gadis belum keturutan padahal suami juga pernah janjiin itu dulu pas mau nikah tapi karena jauh dan enggak pernah kesana jadi agak takut kesana sendiri tapi dari dulu sudah ada plan kesana sih meskipun sama anak naik kereta masih plan doang,"['malioboro', 'pengin', 'banget', 'kesana', 'gadi', 'keturutan', 'suami', 'janjiin', 'pa', 'nikah', 'kesana', 'takut', 'kesana', 'plan', 'kesana', 'sih', 'anak', 'kereta', 'plan', 'doang']",Negative
144,2023-01-01,Bebas_ZhX,"Selamat pagi Malioboro, selamat pagi Jogja, selamat pagi juga buat yang pulang pagi &amp; baru tidur. https://t.co/NNheoMXBeP",,7,1,4,selamat pagi malioboro selamat pagi jogja selamat pagi juga buat yang pulang pagi amp baru tidur,"['selamat', 'pagi', 'malioboro', 'selamat', 'pagi', 'jogja', 'selamat', 'pagi', 'pulang', 'pagi', 'amp', 'tidur']",Neutral
145,2023-01-01,CrocusAutumn,"Kebangun tepat di jam 00.00 gegara banyak bunyi kembang api, cek HP ada temen ngajakin muter Jogja liat euforia sehabis tahun baru. Cuss jam 1 pagi muter Jogja ngeliat kemacetan dr arah tugu &amp; malioboro. sadly banyak sampah berserakan :( https://t.co/unHSRDMAIy",,3,0,0,kebangun tepat di jam gegara banyak bunyi kembang api cek hp ada teman ngajakin muter jogja lihat euforia sehabis tahun baru cuss jam pagi muter jogja melihat kemacetan dari arah tugu amp malioboro sadly banyak sampah berserakan,"['kebangun', 'jam', 'gegara', 'bunyi', 'kembang', 'api', 'cek', 'hp', 'teman', 'ngajakin', 'muter', 'jogja', 'lihat', 'euforia', 'sehabi', 'cuss', 'jam', 'pagi', 'muter', 'jogja', 'kemacetan', 'arah', 'tugu', 'amp', 'malioboro', 'sadli', 'sampah', 'berserakan']",Negative
146,2023-01-01,riasagita85,"@JangHannaaaa @tanyarlfes Kalo aku digituin, milih main sama anak2 mbak, nyenengin diri sendiri sama anak. Jalan2 naik bis, jajan di malioboro dulu pernah. Seng kuat mbak.",,1,0,1,kalo aku dibegitukan memilih main sama anak mbak menyenangkan diri sendiri sama anak jalan naik bis jajan di malioboro dulu pernah seng kuat mbak,"['kalo', 'dibegitukan', 'memilih', 'main', 'anak', 'mbak', 'menyenangkan', 'anak', 'jalan', 'bi', 'jajan', 'malioboro', 'seng', 'kuat', 'mbak']",Positive
147,2023-01-01,fthvcookies,@tanyakanrl ke malioboro sendirian,,0,0,0,ke malioboro sendirian,['malioboro'],Neutral
148,2023-01-01,PolppKotaJogja,"Sabtu (31/12/2022) Satpol PP Kota Yogyakarta dan Satlinmas Kota Yogyakarta melaksanakan PAM Pengamanan Pergantian Tahun Baru 2023 di Sepanjang Jl. malioboro
@ditpolpp_linmas https://t.co/rHGPOGCicD",,0,0,0,sabtu satpol pp kota yogyakarta dan satlinmas kota yogyakarta melaksanakan pam pengamanan pergantian tahun baru di sepanjang jl malioboro linmas,"['sabtu', 'satpol', 'pp', 'kota', 'yogyakarta', 'satlinma', 'kota', 'yogyakarta', 'melaksanakan', 'pam', 'pengamanan', 'pergantian', 'jl', 'malioboro', 'linma']",Neutral
149,2023-01-01,gathomalioboro,"@Akbar67875158 Selamat pagi

Selamat tahun baru üòáüòáüòá",,1,0,0,selamat pagi selamat tahun baru,"['selamat', 'pagi', 'selamat']",Neutral
150,2023-01-01,mpcool24,@ferdiriva Sampe bete gue di malioboro 5harian.. mainan 2 bijik ini DIMANA MANA ü§™,,0,0,0,sampai bete gue di malioboro harian mainan bijik ini dimana mana,"['bete', 'gue', 'malioboro', 'harian', 'mainan', 'bijik', 'dimana']",Negative
151,2023-01-01,gathomalioboro,@AK__aja Selamat tahun baru üòáüòáüòá,,0,0,0,saja selamat tahun baru,['selamat'],Neutral
152,2023-01-01,gathomalioboro,"@Senior_Kapitein Amiiin üòáüòáüòá

Selamat tahun baru",,3,1,0,kapitein amin selamat tahun baru,"['kapitein', 'amin', 'selamat']",Positive
153,2023-01-01,gathomalioboro,"@WagimanDeep_IX Selamat pagi Mbieb

Selamat tahun baru üòáüòáüòá",,0,0,0,ix selamat pagi mbieb selamat tahun baru,"['ix', 'selamat', 'pagi', 'mbieb', 'selamat']",Neutral
154,2023-01-01,gathomalioboro,"@Jasmine__Yoen Amiiin‚Ä¶üòáüòáüòá

Selamat tahun baru",,2,0,1,yoen amin selamat tahun baru,"['yoen', 'amin', 'selamat']",Positive
155,2023-01-01,Rizkii612,"@KAI121 Stasiun Yogyakarta min.. 
makanan khas gudeg jogja &amp; bakpia
wisata malioboro, kraton yogyakarta, candi prambanan, pantai parangtritis, pantai bkk(baron,krakal&amp;kukup) dll 
Kesenian wayang, reog &amp; jathilan",,0,0,0,stasiun yogyakarta min makanan khas gudeg jogja amp bakpia wisata malioboro kraton yogyakarta candi prambanan pantai parangtritis pantai bkkbaronkrakalampkukup dll kesenian wayang reog amp jathilan,"['stasiun', 'yogyakarta', 'min', 'makanan', 'kha', 'gudeg', 'jogja', 'amp', 'bakpia', 'wisata', 'malioboro', 'kraton', 'yogyakarta', 'candi', 'prambanan', 'pantai', 'parangtr', 'pantai', 'bkkbaronkrakalampkukup', 'dll', 'kesenian', 'wayang', 'reog', 'amp', 'jathilan']",Neutral
156,2023-01-01,gathomalioboro,@seleb_berita Selamat tahun baru üòáüòáüòá,,2,0,0,berita selamat tahun baru,"['berita', 'selamat']",Neutral
157,2023-01-01,gathomalioboro,@PUTRI_41708 Selamat tahun baru üòáüòáüòá,,1,0,0,selamat tahun baru,['selamat'],Neutral
158,2023-01-01,gathomalioboro,@jogjapokeid Sugeng enjang üòáüòáüòá,,1,0,1,sugeng enjang,"['sugeng', 'enjang']",Neutral
159,2023-01-01,gathomalioboro,@mamaandin98 Pagi ‚Ä¶ selamat tahun baru üòáüòáüòá,,1,0,1,pagi selamat tahun baru,"['pagi', 'selamat']",Neutral
160,2023-01-01,gathomalioboro,@SETYAKI22965702 Selamat tahun baru üòáüòáüòá,,1,1,1,selamat tahun baru,['selamat'],Neutral
161,2023-01-01,gathomalioboro,@AB_008_ Selamat pagi di hari pertama 2023,,2,0,1,selamat pagi di hari pertama,"['selamat', 'pagi']",Neutral
162,2023-01-01,gathomalioboro,"@Leonita_Lestari Selamat tahun baru mbak Nita 

GBU üòáüòáüòá",,2,0,1,lestari selamat tahun baru mbak nita gbu,"['lestari', 'selamat', 'mbak', 'nita', 'gbu']",Neutral
163,2023-01-01,luluskuliahS2,"@gibran_tweet Pak, nanti kalau dipakai buat ngaji bareng kek malioboro gimana? Ganggu kepentingan umum ga ya?",,0,0,0,tweet pak nanti kalau dipakai buat mengaji bareng kayak malioboro bagaimana ganggu kepentingan umum enggak ya,"['tweet', 'dipakai', 'mengaji', 'bareng', 'kayak', 'malioboro', 'ganggu', 'kepentingan', 'ya']",Negative
164,2023-01-01,20detik,"Malam Tahun Baru di Malioboro Tanpa PPKM, Warga Mulai Tanggalkan Masker https://t.co/hHkaai7YRp",,0,0,0,malam tahun baru di malioboro tanpa ppkm warga mulai tanggalkan masker,"['malam', 'malioboro', 'ppkm', 'warga', 'tanggalkan', 'masker']",Neutral
165,2023-01-01,Kemesraanini,Nyampe Malioboro juga gk bareng karena terpisah di jalanüò≠üò≠üò≠ sial banget emang üò≠üò≠,,0,0,0,sampai malioboro juga enggak bareng karena terpisah di jalan sial banget memang,"['malioboro', 'bareng', 'terpisah', 'jalan', 'sial', 'banget']",Negative
166,2023-01-01,Kemesraanini,"Apes banget kemarin niat ya ke Malioboro tahun baruan bareng temen eh malah pada mencar-mencar udah gitu hpnya ditinggal di motor temen lagi, jadi saling cari, padahal berangkatnya bareng tapi pulangnya sendiri-sendiri karena terpisah di jalanüò≠üò≠ sial bangettt",,0,0,1,apes banget kemarin niat ya ke malioboro tahun baruan bareng teman eh malah pada mencarmencar sudah begitu hpnya ditinggal di motor teman lagi jadi saling cari padahal berangkatnya bareng tapi pulangnya sendirisendiri karena terpisah di jalan sial banget,"['ape', 'banget', 'kemarin', 'niat', 'ya', 'malioboro', 'baruan', 'bareng', 'teman', 'eh', 'mencarmencar', 'hpnya', 'ditingg', 'motor', 'teman', 'cari', 'berangkatnya', 'bareng', 'pulangnya', 'sendirisendiri', 'terpisah', 'jalan', 'sial', 'banget']",Negative
167,2023-01-01,pieceofsa,smlm malioboro rame bgtttt jd keinget itaewonüò©,,0,0,0,smlm malioboro rame banget jadi teringat itaewon,"['smlm', 'malioboro', 'rame', 'banget', 'itaewon']",Positive
