created_at;id_str;full_text;quote_count;reply_count;retweet_count;favorite_count;lang;user_id_str;conversation_id_str;username;tweet_url
Thu Nov 16 23:59:10 +0000 2023;1725302522234183748;"Prabowo pelanggar HAM !! Cawapresnya politik dinasti https://t.co/yr6WeNYEKI";0;0;0;0;in;1579368000615985152;1725302414323114126;LisaRicaRica;https://twitter.com/LisaRicaRica/status/1725302522234183748
Thu Nov 16 23:59:03 +0000 2023;1725302493633225070;"Prabowo pelanggar HAM !! Cawapresnya politik dinasti https://t.co/ym9qC23BSm";0;0;0;0;in;1579368000615985152;1725302414323114126;LisaRicaRica;https://twitter.com/LisaRicaRica/status/1725302493633225070
Thu Nov 16 23:58:57 +0000 2023;1725302467448160467;"Prabowo pelanggar HAM !! Cawapresnya politik dinasti https://t.co/LrJWoiIUI5";0;0;0;0;in;1579368000615985152;1725302414323114126;LisaRicaRica;https://twitter.com/LisaRicaRica/status/1725302467448160467
Thu Nov 16 23:58:52 +0000 2023;1725302445465907246;"Prabowo pelanggar HAM !! Cawapresnya politik dinasti https://t.co/LC6C44ExtY";0;0;0;0;in;1579368000615985152;1725302414323114126;LisaRicaRica;https://twitter.com/LisaRicaRica/status/1725302445465907246
Thu Nov 16 23:58:44 +0000 2023;1725302414323114126;"Prabowo pelanggar HAM !! Cawapresnya politik dinasti https://t.co/KZyJUF74cj";0;4;0;0;in;1579368000615985152;1725302414323114126;LisaRicaRica;https://twitter.com/LisaRicaRica/status/1725302414323114126
Thu Nov 16 23:57:54 +0000 2023;1725302203496448054;"@ainunnajib Kok ada org "intelektuel" tapi beranggapan bahwa kami sentimen negatif atas politik dinasti pak Jokowi &amp  keluarga. Jgn tutup mata bahwa saat ini rakyat mayoritas masih mudah dibohongi dibodoh-bodohi. Akar rumput jgn digadaikan demi kekuasaan yg justru menyengsarakan mereka!";0;0;0;0;in;1596551599895490560;1725055364675350909;Arsyam592022;https://twitter.com/Arsyam592022/status/1725302203496448054
Thu Nov 16 23:56:38 +0000 2023;1725301886222582236;"KEJAHATAN POLITIK DINASTI, SURPLUS UTANG DAN KEJAHATAN KKN DAN KASUS KEJAHATAN KEMANUSIAAN#JUSTICEFORALL#REVOLUSIHUKUMDANKEADILAN.";0;0;0;0;in;3228973832;1725301886222582236;penjagadapur;https://twitter.com/penjagadapur/status/1725301886222582236
Thu Nov 16 23:56:09 +0000 2023;1725301763673309370;"Korupsi konstitusi demi lancarnya KKN dn Dinasti Politik https://t.co/vF81DqqOsg";0;0;0;1;in;1572600613099425795;1725301763673309370;JSedoe;https://twitter.com/JSedoe/status/1725301763673309370
Thu Nov 16 23:54:47 +0000 2023;1725301419832676439;"u ahli d bidang IT. Kl emang peduli Indonesia, u sosialisasikan lah bahayanya politik dinasti melalui keahlian u.  Sgitunya amat yg abis d undang pemerintah, pdhl dah 8thn an konsep proyeknya d cuekin. Peka dikit napa konsep proyeknya br d follow up skrg.";0;0;0;0;in;90353315;1725301419832676439;MyNameIsMboy;https://twitter.com/MyNameIsMboy/status/1725301419832676439
Thu Nov 16 23:53:16 +0000 2023;1725301039040250310;"KKN dn politik dinasti mulus tanpa hambatan apapun ya https://t.co/KWq3ZFwbUh";1;0;0;1;in;1572600613099425795;1725301039040250310;JSedoe;https://twitter.com/JSedoe/status/1725301039040250310
Thu Nov 16 23:53:11 +0000 2023;1725301015963209922;"@msaid_didu Untuk lawan politik dinasti darah sdh tertumpah pahlawan kita erlang sdh gugur utuk perjuangkan....kini di cedera dan terang2 lagngsun ke pucuk kekuasaan. Luar biasa bejatnya";0;0;0;0;in;1617749254436720640;1725145283393470497;IfandyPeter;https://twitter.com/IfandyPeter/status/1725301015963209922
Thu Nov 16 23:52:52 +0000 2023;1725300935952589210;"@onedarwanto @Aryprasetyo85 @psi_id @007koteka @03__nakula @__AnakKolong @B3doel___ @FirzaHusainID @GunRomli @Gus_Raharjo Sepakat, "tenggelamkan" pasangan capres / cawapres yg dipimpin pelanggar HAM dan pelaku politik dinasti";0;0;0;0;in;969099873856335877;1725198223428538515;ParapatYohanes;https://twitter.com/ParapatYohanes/status/1725300935952589210
Thu Nov 16 23:50:45 +0000 2023;1725300404895068543;"Kalau seandainya mas Gibran jadi wakil GP pasti isu isu Dinasti politik ga bergema.  Buzzer paling aneh sejauh ini ya cuma dari partai itu ga di tiktok, twitter, fb, instagram sama semua. Umur tua, muka tua, tapi kelakuan kayak anak-anak suka mengadu domba.";0;0;0;0;in;1307940014865567745;1725298761608687710;IsmailAziz29;https://twitter.com/IsmailAziz29/status/1725300404895068543
Thu Nov 16 23:47:53 +0000 2023;1725299680698057011;"Dan masih banyak lagi kejanggalan dan pernyataan aneh dari para buzzer yang merah merah itu. Mulai menggugat ke MK perihal politik Dinasti dan lain sebagainya. Kenapa baru sekarang? Takut kalah suara kah?  Atau karena mas Gibran bukan wakilnya GP makanya heboh pada berisik.";0;1;0;0;in;1307940014865567745;1725298761608687710;IsmailAziz29;https://twitter.com/IsmailAziz29/status/1725299680698057011
Thu Nov 16 23:44:41 +0000 2023;1725298876427718865;"@DokterTifa Lgi skrol cari yg komen pollitik identitas .. mau jawab drpda politik dinasti dan KKN ..";0;0;0;0;in;103704483;1725100248790659085;imam_malik;https://twitter.com/imam_malik/status/1725298876427718865
Thu Nov 16 23:42:59 +0000 2023;1725298448172569060;"@nongandah Semoga diikuti kampus2 lain dan tokoh2 masyarakat sehingga mendorong rakyat ikut serta melawan politik dinasti. Rakyat bergerak slsekuat apapun pemerintahnya akan tumbang";0;0;0;0;in;240560030;1725012708956029255;iwanarmita;https://twitter.com/iwanarmita/status/1725298448172569060
Thu Nov 16 23:42:33 +0000 2023;1725298340328538616;"Selain itu, JK juga membandingkan dengan era-era kepresidenan sebelumnya yang dianggap lebih demokratis ‚Äì salah satunya era Megawati Soekarnoputri. Politikus senior Golkar tersebut juga mengatakan bahwa Soekarno dan Soeharto tidak berpikir soal politik dinasti ketika menjabat.";0;1;0;0;in;798770586784702464;1725287637945319920;pinterpolitik;https://twitter.com/pinterpolitik/status/1725298340328538616
Thu Nov 16 23:42:11 +0000 2023;1725298246384566480;"Wakil Presiden (Wapres) ke-10 dan ke-12, @jusufkalla (JK), ikut berbicara mengenai situasi demokrasi dan politik dinasti terkini. Dalam acara Habibie Democracy Forum, JK mengatakan bahwa demokrasi memburuk meski belum sampai satu dekade.";0;1;0;0;in;798770586784702464;1725287637945319920;pinterpolitik;https://twitter.com/pinterpolitik/status/1725298246384566480
Thu Nov 16 23:37:47 +0000 2023;1725297142070456366;"@NgkongRoses Sama dong dengan Kerajaan Inggris. Monarki dong jadinya... Monarki Politik dan identik dengan Dinasti Politik.";2;0;0;2;in;106930083;1725295345129927156;JimmyEdward01;https://twitter.com/JimmyEdward01/status/1725297142070456366
Thu Nov 16 23:36:21 +0000 2023;1725296779338690627;"@cahyadibison Tolak dinasti politik";0;0;0;0;eu;2426857231;1725128802236514808;MarietoniCarlos;https://twitter.com/MarietoniCarlos/status/1725296779338690627
Thu Nov 16 23:36:13 +0000 2023;1725296745511518714;"Yang munafik di mana nya? Perkataan PSI itu emang benar, pertanyaan nya apakah realita sekarang terjadi politik Dinasti?   Makna Dinasti itu apa? terutama di Negara Sistem Demokrasi.";0;1;0;1;in;1424573456029347840;1725296745511518714;firman__nurhuda;https://twitter.com/firman__nurhuda/status/1725296745511518714
Thu Nov 16 23:33:23 +0000 2023;1725296034509955180;"pas tidur samar2 denger emak gw lg dengerin video bahas politik aja gw tidur mimpi lg kelas bahasnya dinasti jokowi trs kepala gw sakit bgt karna ngga ngerti WKWKWK. bangun2 kepala gw sakit bjir gara2 posisi tidurnya egk enak";0;0;0;0;in;1032638026432671750;1725296034509955180;conutkoo;https://twitter.com/conutkoo/status/1725296034509955180
Thu Nov 16 23:31:44 +0000 2023;1725295618548248880;"Banyak juga Pemimpin yang memiliki keturunan memimpin suatu negeri baik bapak dan anaknya juga melakukan pencalonan, apalagi pencalonannya dilakukan semasa bapaknya berkuasa di akhir periode.   Serta ada di lompati beberapa tahun kemudian, apakah termasuk Dinasti  politik?";0;0;0;1;in;1424573456029347840;1725295615830368432;firman__nurhuda;https://twitter.com/firman__nurhuda/status/1725295618548248880
Thu Nov 16 23:31:43 +0000 2023;1725295615830368432;"Sebenarnya Perkataan ini emang benar, tapi secara realita kondisi saat ini kita menerapkan politik demokrasi bukan Dinasti.   Dinasti itu ditunjuk oleh seseorang penguasa bukan dipilih atau mencalonkan agar dipilih oleh masyarakat.";0;1;0;1;in;1424573456029347840;1725295615830368432;firman__nurhuda;https://twitter.com/firman__nurhuda/status/1725295615830368432
Thu Nov 16 23:31:09 +0000 2023;1725295471319794091;"@andre_rosiade W sih sebener nya kesel prabowo gibran tp w lebih kesel lg sm buzzer2 laknat yg tereak politik dinasti karna gibran cawapres ,lah dulu waktu boby gibran nyalonin jd walikota lo diem aja,kan ngeheeeek udah lanjutin aja trs biar buzzer2 laknat mati kekesalan";0;0;0;1;in;2415704041;1725287711031107861;YuliantoRobby;https://twitter.com/YuliantoRobby/status/1725295471319794091
Thu Nov 16 23:29:33 +0000 2023;1725295070650552661;"Sentimen Publik atas Dinasti Jokowi  Dalam survei nasional tatap muka terbaru SMRC (29 Oktober-5 Nopember 2023), SMRC bertanya:  "Apakah Ibu/Bapak tahu atau pernah mendengar pendapat yang menyebut bahwa presiden Jokowi sedang membangun politik dinasti..  ..anaknya, Gibran‚Ä¶ https://t.co/Hr2AZV5rFg";7;25;24;106;in;33456112;1725295070650552661;muchlis_ar;https://twitter.com/muchlis_ar/status/1725295070650552661
Thu Nov 16 23:25:45 +0000 2023;1725294113531351352;"@ainunnajib Ga penting mo politik dinasti kek, pamanku pahlawanku kek. Yg penting prabowo jangan sampe jadi presiden! Kerna di belakangny paling bnyk mafia hitamny ketimbang kandidat lain, yg siap mencaplok kembali sda Indonesia";0;0;0;1;in;154390739;1725055364675350909;Qutu_Qupret;https://twitter.com/Qutu_Qupret/status/1725294113531351352
Thu Nov 16 23:25:30 +0000 2023;1725294048330879316;"Gak ada cendekiawan dan budayawan yg setuju tindakan @jokowi yg rusak reformasi dg dinasti politik...parah... #JumatBerkah";0;0;0;0;in;1438017153467248642;1725294048330879316;KabarS4habat;https://twitter.com/KabarS4habat/status/1725294048330879316
Thu Nov 16 23:24:36 +0000 2023;1725293821322563777;"@Alpha_Phoenix__ Jaman sekarang kok masih ributin urusan politik sekelas sunni syiah. Noh Salahudin dulu jg mengabdi pada dinasti syiah.";0;0;0;1;in;1022138873814474753;1725021889901560108;shotgunputer;https://twitter.com/shotgunputer/status/1725293821322563777
Thu Nov 16 23:23:15 +0000 2023;1725293482959638617;"Tipu daya konstitusi, rusaknya reformasi, mundurnya demokrasi, demi melanggengkan kekuasaan politik dinasti.  Semua demi Gibran, maju menjadi cawapres dengan membawa beban cacat hukum. https://t.co/03IRYnUO0r";0;1;3;5;in;1457046180;1725293482959638617;Relawan_GPXMMD;https://twitter.com/Relawan_GPXMMD/status/1725293482959638617
Thu Nov 16 23:21:35 +0000 2023;1725293062329602165;"@adearmando61 udah kelihatan watak aslinya dah gak logis LG ...dan pengusung dinasti politik";0;1;0;1;in;1438017153467248642;1725293062329602165;KabarS4habat;https://twitter.com/KabarS4habat/status/1725293062329602165
Thu Nov 16 23:21:22 +0000 2023;1725293010370597008;"@yush_abubakar @PDI_Perjuangan @ganjarpranowo Yang jadi persoalan kan sebetulnya caranya membangun politik dinasti dengan cara kasar utk mengubah2 aturan main, itu yang bikin banyak orang marah sekaligus kawatir...  Kalau poldin dibangun dengan mengikuti aturan main ya sebenernya sah2 saja, tinggal penilaian pemilihnya.";0;0;0;0;in;1476124927;1723761886091755919;masgung1973;https://twitter.com/masgung1973/status/1725293010370597008
Thu Nov 16 23:19:30 +0000 2023;1725292540377903386;"@ainunnajib Yg main  tt termasuk rakyat dan kalangan intelektual kan . Yg pasti nya byk yg ga mau politik dinasti..... Masa mundur lg ini negara.... 98 udh Reformasi anti nepotisme dan anti politik dinasti..... Skrg dibikin  baru lg.... Yg lucunya ada yg dukung nya....ga guna nyawa 98 dong";0;0;0;0;in;1605141843544801280;1725055364675350909;Ginakyo2;https://twitter.com/Ginakyo2/status/1725292540377903386
Thu Nov 16 23:18:34 +0000 2023;1725292303017979991;"Beri Kuliah Umum di Universitas Andalas Padang, Mahfud Singgung Dinasti Politik https://t.co/VeGRLqjjGt";0;2;0;8;in;71436318;1725292303017979991;KompasTV;https://twitter.com/KompasTV/status/1725292303017979991
Thu Nov 16 23:18:18 +0000 2023;1725292236676722989;"Pengetahuan dan Sentimen Publik terhadap Politik Dinasti  Prof Saiful Mujani @saiful_mujani menyatakan dalam survei opini publik, sebuah konsep tidak bisa ditanyakan secara langsung karena bisa memiliki pengertian yang bermacam-macam.   "Politik dinasti adalah satu konsep yang‚Ä¶ https://t.co/1UBLnzvJz9";2;3;10;17;in;33456112;1725292236676722989;muchlis_ar;https://twitter.com/muchlis_ar/status/1725292236676722989
Thu Nov 16 23:15:51 +0000 2023;1725291621196128431;"Mahasiswa bergerak melawan neo Orba, penyalahgunaan kekuasaan dan politik dinasti. https://t.co/IVjwt14Oqb";0;0;0;0;in;1628019266783154176;1725291621196128431;pesonanegeri123;https://twitter.com/pesonanegeri123/status/1725291621196128431
Thu Nov 16 23:15:23 +0000 2023;1725291504976240921;"gagalkan politik dinasti";0;0;0;0;in;1618289154051428352;1725291144903541074;Liza16144812;https://twitter.com/Liza16144812/status/1725291504976240921
Thu Nov 16 23:15:15 +0000 2023;1725291469148422179;"@Liza16144812 dinasti politik membodohi rakyat";0;0;0;0;in;1635599274728906752;1725291144903541074;andriyo37797219;https://twitter.com/andriyo37797219/status/1725291469148422179
Thu Nov 16 23:15:11 +0000 2023;1725291451289051379;"@Liza16144812 politik dinasti merugikan rakyat";0;0;0;0;in;1618287998835240963;1725291144903541074;Kaylee26651810;https://twitter.com/Kaylee26651810/status/1725291451289051379
Thu Nov 16 23:15:06 +0000 2023;1725291434394460498;"@Liza16144812 waspada politik dinasti";0;0;0;0;und;1618287314870075392;1725291144903541074;Danika78864866;https://twitter.com/Danika78864866/status/1725291434394460498
Thu Nov 16 23:15:03 +0000 2023;1725291418028249387;"tolak politik dinasti";0;0;0;0;eu;1618289154051428352;1725291144903541074;Liza16144812;https://twitter.com/Liza16144812/status/1725291418028249387
Thu Nov 16 23:14:48 +0000 2023;1725291358490173907;"Yg kek beginian g perlu di survai survei.. khawatir kedepannya membiasakan politik dinasti, hingga akhirnya mnjadi lumrah.  Perangi Politik dinasti kl perlu bikin UU yg mengatur ttg kekuasan klrg.";0;0;0;0;in;90353315;1725291358490173907;MyNameIsMboy;https://twitter.com/MyNameIsMboy/status/1725291358490173907
Thu Nov 16 23:14:32 +0000 2023;1725291290756296833;"@ch_chotimah2 @jokowi Gua bilang jg apa. Jokowi bukan Gibran. Jadi narasi politik dinasti, ayah sayang anak, nepotisme bla bla bla itu semua salah alamat. Masih pada benci Jokowi? Ojo kesusu. Ojo grusa grusu. ü§£üòÇüòÖ";0;1;0;0;in;2281270728;1725080694383337679;sonnyprakosa7;https://twitter.com/sonnyprakosa7/status/1725291290756296833
Thu Nov 16 23:12:06 +0000 2023;1725290679264530751;"@Dennysiregar7 Partisipasi mahasiswa dalam aksi menolak politik dinasti adalah bentuk kesadaran akan pentingnya pemerintahan yang bersih, b3rsih b3rsih b3rsih nih";0;0;0;0;in;2999791027;1725042544755785879;tertautt;https://twitter.com/tertautt/status/1725290679264530751
Thu Nov 16 23:07:22 +0000 2023;1725289486194786680;"Ribuan mahasiswa Jawa Timur gelar mimbar bebas Tolak Politik Dinasti https://t.co/Sjme5Eu3td";0;0;0;0;in;1581465439171129344;1725289486194786680;greengoblin_21;https://twitter.com/greengoblin_21/status/1725289486194786680
Thu Nov 16 23:07:11 +0000 2023;1725289440770469908;"Saya heran kok bisa @jokowi berubah? Partai2 seperti @golkar_id @PDemokrat  @AgusYudhoyono @Gerindra dll kok seperti gak paham reformasi gak menentang politik dinasti yg rusak konstitusi";0;0;2;4;in;1438017153467248642;1725289440770469908;KabarS4habat;https://twitter.com/KabarS4habat/status/1725289440770469908
Thu Nov 16 23:06:37 +0000 2023;1725289298868781540;"@Dennysiregar7 Partisipasi mahasiswa dalam aksi menolak politik dinasti adalah upaya positif untuk mewujudkan perubahan.";0;0;0;0;in;894937292430856192;1725042544755785879;thaixland;https://twitter.com/thaixland/status/1725289298868781540
Thu Nov 16 23:03:39 +0000 2023;1725288550256804258;"@ainunnajib Halo pak, kalau sy pribadi bukan politik dinasti yg sy tolak, tpi cara2 kotor di MK untuk meloloskan seseorang untuk maju pilpres. Yg terkesan dipaksakan dan cacat konstitusional. Dan catat, sy bukan kalangan intelektual. üòÄ";0;0;0;0;in;3310195867;1725055364675350909;putuwilly_;https://twitter.com/putuwilly_/status/1725288550256804258
Thu Nov 16 23:03:01 +0000 2023;1725288390575469042;"@Dennysiregar7 Aksi mahasiswa menolak politik dinasti menunjukkan kepedulian mereka terhadap demokrasi yang sehat.";0;0;0;0;in;777358620153348096;1725042544755785879;laperbrow;https://twitter.com/laperbrow/status/1725288390575469042
Thu Nov 16 23:02:56 +0000 2023;1725288370014957746;"@RiuTheCommoners ....knapa PSI gak tolak politik dinasti di MK --- enteh diam karena munafeeekkkan..?? -- byaak bicara omong kosong -- tOLOLLL";0;0;1;1;in;1551048725610758144;1725142415940714993;YusufNusantara5;https://twitter.com/YusufNusantara5/status/1725288370014957746
Thu Nov 16 23:01:01 +0000 2023;1725287886243987804;"@henrysubiakto Ngga jd persoalan jk disebut petugas partai  sbg bentuk loyalitas sbg kader.  Yg penting, tdk merusak tatanan sistem tata negara &amp  fokus kpd kepentingan rkyt &amp  negara. Perubahan sikap jkw kpd partai sbg kader adlh ambisi kekuasaan.  Dimulai rencana 3 periode smp dinasti politik.";0;0;0;0;in;1413682951;1725165430463946834;ivanbodyman;https://twitter.com/ivanbodyman/status/1725287886243987804
Thu Nov 16 22:42:54 +0000 2023;1725283327190716675;"Suarakan terus kebobrokan politik dinasti yang diawali sikap mencla mencle";0;0;1;3;in;1491438677674717186;1725283327190716675;Krisna0902022;https://twitter.com/Krisna0902022/status/1725283327190716675
Thu Nov 16 22:31:40 +0000 2023;1725280503245492602;"@NgkongRoses @jokowi Gimana dengan Puan yang sekarang duduk sebagai Ketua DPR RI? Dan anak2 nya, cucu2 Soekarno yang sekarang duduk di DPR. Mereka wakil darimana? Bukan kah hal itu yang disebut Dinasti Politik? Untuk bisa berada di Caleg teratas tentu ada cawe2 Bu Ketum.....ribet banget jadi kalian";1;3;0;0;in;106930083;1725136770914988367;JimmyEdward01;https://twitter.com/JimmyEdward01/status/1725280503245492602
Thu Nov 16 22:30:30 +0000 2023;1725280207580663922;"@mochamadarip Saya pilih gibran karna omongan elit pdi yg serampangan bukanya mebalas prabowo gibran dgn gagasa2 yg lebih baik tapi mlah sibuk menyerang jokowi secara pribadi Padahal yg dituduhkan itu belum tenu benar Selalu berbicara dinasti politik lo pikir kami bodoh";0;0;0;0;in;1498112977794629632;1723186726192177539;RoniKlk;https://twitter.com/RoniKlk/status/1725280207580663922
Thu Nov 16 22:27:04 +0000 2023;1725279342723584275;"@ZulkifliLubis69 @indra_dirjan ‚ÄúDinasti politik Jokowi tak hanya mengoyak etika politik, tapi juga sekaligus merusak demokrasi,‚Äù tulis Majalah Tempo. https://t.co/91jOZVH95L‚Ä¶ .";0;0;0;0;in;1482600556669460485;1725059083726930346;ForRezim;https://twitter.com/ForRezim/status/1725279342723584275
Thu Nov 16 22:26:34 +0000 2023;1725279216533696935;"@sosmedkeras Itulah hasil pendidikan kita sekarang, kl dulu ada pendidikan BUDI PEKERTI &amp  PMP di mana ada pelajaran bagaimana SIKAP KITA dlm bermasyarakat. Oleh krn itu sekarang BUDAYA MALU dlm KORUPSI tdk tercermin dlm kehidupan bermasyarakat KITA &amp  yg terbaru berkembangnya POLITIK DINASTI";0;0;0;0;in;101966104;1724776565115105619;dodyXwidodo;https://twitter.com/dodyXwidodo/status/1725279216533696935
Thu Nov 16 22:22:45 +0000 2023;1725278257342304531;"Sejumlah publik meyakini Presiden Joko Widodo ( @jokowi ). Tengah membangun dinasti politik. Hal ini merupakan hasil survei yang dilakukan oleh Saiful Mujani Research And Consulting (SMRC). Kok bisa ye ? Baca nye mbari ngupiüëçüèª‚òïüö¨ü§ü biar cihuyy kawans. üëáhttps://t.co/IB9ajp4HYD";2;1;10;28;in;1140084771453714432;1725278257342304531;RizkiR4madani;https://twitter.com/RizkiR4madani/status/1725278257342304531
Thu Nov 16 22:13:58 +0000 2023;1725276047141122185;"@tvOneNews Bener bener keluarga DRAKOR ü§£ü§£ü§£mahkamah keluarga, dinasti politik https://t.co/CKXY9O7DlN";0;0;0;0;in;796665080;1724619023030333839;moekt_pi;https://twitter.com/moekt_pi/status/1725276047141122185
Thu Nov 16 22:07:17 +0000 2023;1725274364382265796;"@Melihat_Indo Rakyat sudah bisa menilai cawapres yang lebih berpengalaman dan jujur taat hukum. Bukan Cawapres boneka dinasti politik.";0;0;0;0;in;1708034909942767616;1725146502463381586;dora93yaki;https://twitter.com/dora93yaki/status/1725274364382265796
Thu Nov 16 21:58:57 +0000 2023;1725272267897057689;"@narkosun @DediMulyadi71 Oh itu aslinya utuh nya,, bener bener keluarga Drakor, mahkamah keluarga, dinasti politik,,";0;1;0;1;in;796665080;1724637234085966278;moekt_pi;https://twitter.com/moekt_pi/status/1725272267897057689
Thu Nov 16 21:48:38 +0000 2023;1725269670272331975;"Ribuan mahasiswa jatim gelar mimbar bebas tolak politik dinasti https://t.co/BEhKqG1g6M";0;0;0;0;in;85091572;1725269670272331975;jevs_07yahoocom;https://twitter.com/jevs_07yahoocom/status/1725269670272331975
Thu Nov 16 21:48:17 +0000 2023;1725269586319179928;"@Fahrihamzah ü§£ü§£ü§£ektingx masih kurang galak masih kayak komedi. Perlu belajar lagi sama jokowi dan mak banteng. Ngomong2 sinitron DRAMA politik dinasti jokowi CS in udah berapa ipisode? https://t.co/hhiLBvkJR0";0;0;0;0;in;1586567954837245960;1725087556520530133;AyatulH86561504;https://twitter.com/AyatulH86561504/status/1725269586319179928
Thu Nov 16 21:40:08 +0000 2023;1725267532612006003;"@PartaiSocmed ü§° di boyolali mah udh dari dulu pemerintahannya disetir sama dinasti S*no Gedhe yg pro ke partai merah. bahkan ada kepala dinas yg nyuruh staf ASN buat ikut kegiatan "politik" di lingkungannya. dan klo ga nurut ya dipindahin ke wilayah pelosok. sorry kalo faktaüòî";0;2;0;0;in;1235636779199246336;1725013693178822883;svionase;https://twitter.com/svionase/status/1725267532612006003
Thu Nov 16 21:28:13 +0000 2023;1725264536226377992;"@kenhans03 @feroferraferri @ganjarpranowo @mohmahfudmd Mantap, ayo bersama turun menemui rakyat supaya jgn sampai terlanjur mereka dipengaruhi oleh suap beras bergambar Praboro &amp  Anak Haram Konstitusi. Ajak rakyat pilih Ganjar Mahfud yg bersih, berintegritas, berani berantas Korupsi, anti Nepotisme &amp  anti Politik Dinasti";0;0;0;2;in;969099873856335877;1725096841010876653;ParapatYohanes;https://twitter.com/ParapatYohanes/status/1725264536226377992
Thu Nov 16 21:20:40 +0000 2023;1725262633149063453;"@msaid_didu Ubah sistem yg memuluskan politik dinasti";0;0;0;0;in;1656523627662299136;1725145283393470497;Kucing1379637;https://twitter.com/Kucing1379637/status/1725262633149063453
Thu Nov 16 21:17:09 +0000 2023;1725261749992214604;"@AirinDatangLagi Keren lagunya, semangat coblos Capres/Cawapres No. 3 Ganjar Mahfud yg bersih, berintegritas, berpengalaman, berani berantas Kolusi, Korupsi, Nepotisme serta anti Orba, anti Neo Orba, dan anti Politik Dinasti";0;0;0;0;in;969099873856335877;1725154315914858662;ParapatYohanes;https://twitter.com/ParapatYohanes/status/1725261749992214604
Thu Nov 16 21:13:46 +0000 2023;1725260898368188916;"@Ghurem2 Semangat, ayo bersama-sama turun temui rakyat dan ajak semua pilih Ganjar Mahfud utk berantas Korupsi Kolusi Nepotisme, Politik Dinasti, Orba dan Neo Orba. Coblos Paslon No. 3";0;0;0;1;in;969099873856335877;1725169890556788803;ParapatYohanes;https://twitter.com/ParapatYohanes/status/1725260898368188916
Thu Nov 16 20:26:05 +0000 2023;1725248895981346923;"@kikysaputrii Ada yang  lebih buruk. Dia jahat dengan partai nya, dan dia jahat dengan rakyat nya Karena memberikan pembelajaran politik dinasti dengan mata telanjang.";0;0;0;1;in;1233095519301488642;1723002177801658429;Nanonan04079151;https://twitter.com/Nanonan04079151/status/1725248895981346923
Thu Nov 16 20:17:33 +0000 2023;1725246751895158869;"ternyata anak¬≤ muda kita cerdas dan sudah melek politik  mereka tahu bahwa dinasti politik yg dipaksakan hanya akan membawa kehancuran https://t.co/S33JspsvUa";0;0;2;5;in;1722014606712094720;1725246751895158869;herculep638;https://twitter.com/herculep638/status/1725246751895158869
Thu Nov 16 20:08:30 +0000 2023;1725244470856196172;"@NenkMonica Ooooo takirain kayak dinasti keluarga jokowi in, jokowix gkpunya ijasah asli udah jadi presiden, dan anakx belum cukup usia udah masuk politik dan iparx walaupun bodoh jadi pejabat tinggi, kalau masih kayak gitu mendingan rakyat biasa/ q yg jadi presidenxü§£ü§£ü§£hanya mudal bacot https://t.co/LwfU2laWuU";0;0;0;0;in;1586567954837245960;1724991442022731998;AyatulH86561504;https://twitter.com/AyatulH86561504/status/1725244470856196172
Thu Nov 16 19:55:50 +0000 2023;1725241286205354203;"@akbarfaizal68 Polling Hasil Dumay tidak bisa jadi standar Pemain Dumay adl kaum intelektual. Di rakyat bawah mereka tidak sempat buka HP apalagi twitter. Mereka berpikir oragmatis, kerja buat makan hari ini. Pilih yg terlihat hebat.";0;0;0;0;in;764853384;1716812012825858518;Radikal_Putih;https://twitter.com/Radikal_Putih/status/1725241286205354203
Thu Nov 16 19:49:52 +0000 2023;1725239784799629711;"@abu_waras @Ichalsyahrizal1 JANGAN TERPUKAU SURVEY DUMAY Liat di akar rumput banyak yg tidak mengerti bahasa Anies (intelektual).  Mereka pragmatis, yg berpikir makan tuk hari ini dan besok.";0;0;0;0;in;764853384;1724538568490856799;Radikal_Putih;https://twitter.com/Radikal_Putih/status/1725239784799629711
Thu Nov 16 19:44:47 +0000 2023;1725238503171313757;"LAWAN POLITIK DINASTI!!!  https://t.co/mbvolyXXhS";1;2;29;82;in;160668889;1725238503171313757;PartBurungGalak;https://twitter.com/PartBurungGalak/status/1725238503171313757
Thu Nov 16 19:01:26 +0000 2023;1725227594629726658;"Sekalipun di era dia gua dapet bansos dan beberapa kali menyelamatkan finansial keluarga gua tetep aja amoral dinasti politik apapun gak boleh langgeng untuk berjalan di negara yg katanya pernah Reformasi ini.";0;0;0;1;in;1553093157889650688;1725227594629726658;todaayyand4ever;https://twitter.com/todaayyand4ever/status/1725227594629726658
Thu Nov 16 18:59:22 +0000 2023;1725227074938683638;"Siapa David Herson, orang Indo. Tim Pemenangan.  Dia tidak tau apa itu Program Insearch dari UTS.";0;0;0;0;in;764853384;1725227074938683638;Radikal_Putih;https://twitter.com/Radikal_Putih/status/1725227074938683638
Thu Nov 16 18:53:27 +0000 2023;1725225587273580572;"Dinasti politik bukan soal melanggar hukum tapi urusan moral . Lokal, Asnawi, Vietnam, Arhan, KDRT, TNI AU, BUNGA HATI IS OUT NOW, Hindia, Irak, Blunder, Klok, RCTI, Adam Alis, U-17 https://t.co/vpXoDpasMP";0;0;2;10;in;1244292531090624512;1725225587273580572;YudhaShanny2;https://twitter.com/YudhaShanny2/status/1725225587273580572
Thu Nov 16 18:46:17 +0000 2023;1725223782821023768;"@KompasTV Rakyat sudah pintar ga akan pilih politik dinasti";0;0;0;0;in;1707713278296870913;1724932106449715418;dadisuryadi65;https://twitter.com/dadisuryadi65/status/1725223782821023768
Thu Nov 16 18:32:57 +0000 2023;1725220429068181544;"Politik dinasti cuma alsan halu. Marilah berfikir dewasa.  Dizaman demokrasi ini, Menang/Kalah Semua ditangan rakyat, karena Rakyat yg nyoblos.";0;0;0;0;in;1204938996100419585;1725220429068181544;AlviandraRahmat;https://twitter.com/AlviandraRahmat/status/1725220429068181544
Thu Nov 16 18:32:20 +0000 2023;1725220270196265220;"Ribuan mahasiswa Jatim gelar mimbar bebas tolak politik dinasti!! https://t.co/xDj2G2B4B1";0;0;0;0;in;1696561767294652416;1725220270196265220;BersamaAnies24;https://twitter.com/BersamaAnies24/status/1725220270196265220
Thu Nov 16 18:28:26 +0000 2023;1725219290318848380;"Tenang tenang rakyat ada  bapaknya Gibran lagi fokus memenangkan sang anak, urusan sembako belakangan. Terpenting dinasti politik  &amp  NEPOTISME bapaknya @gibran_tweet https://t.co/5jCZ0GiLk8";0;0;0;1;in;1604055507328995330;1725219290318848380;Ziipo17;https://twitter.com/Ziipo17/status/1725219290318848380
Thu Nov 16 18:10:26 +0000 2023;1725214761586184330;"@Prihati_utami @gibran_tweet Prihatin dengan negara ini. Dinasti politik tidak berhenti¬≤";0;0;0;0;in;1607159633269121024;1725010094541410545;galaangpras;https://twitter.com/galaangpras/status/1725214761586184330
Thu Nov 16 18:06:56 +0000 2023;1725213879029154225;"Demo Tolak Dinasti Politik Jokowi di Patung Kuda, Massa Sampaikan 3 Tuntutan.  Baca Selengkapnya: https://t.co/lLw9iFhsG2 https://t.co/dAsGGBinvf";0;0;0;0;in;1709919038544166912;1725213879029154225;aboutoday24hour;https://twitter.com/aboutoday24hour/status/1725213879029154225
Thu Nov 16 17:58:03 +0000 2023;1725211642877845893;"Ber satu padu melawan dinasti politik haus kekuasaan. Menangkan Ganjar Mahfud satu putaran ü§üü§üü§üüí™   üáÆüá© #GanjarMahfud2024 https://t.co/mD37gdXzEn";0;1;0;6;in;1440914340022865921;1725211642877845893;Nurhadi40083478;https://twitter.com/Nurhadi40083478/status/1725211642877845893
Thu Nov 16 17:55:05 +0000 2023;1725210897919119533;"Kemudian kekinian teriak-teriak politik dinasti, sudah terlambat! Demokrasi kita telah terjangkit sistem patronase sejak lama, lebih banyak tidak menyadari dan lebih banyak lagi terjebak di dalamnya. Ponderabilitas ( Kualitas atau sifat dapat ditimbang )";1;0;0;1;in;931942638;1725210897919119533;alamteGarr;https://twitter.com/alamteGarr/status/1725210897919119533
Thu Nov 16 17:52:04 +0000 2023;1725210140238839813;"@Uki23 Mendukung politik dinasti ? Yes Dipilih ? No Masuk ke Senayan ? Depends";0;0;0;0;in;1709212786000007168;1724714208535957661;MKhoirulAnam711;https://twitter.com/MKhoirulAnam711/status/1725210140238839813
Thu Nov 16 17:40:07 +0000 2023;1725207129207029853;"Mereka menjadi contoh bahwa jabatan politik adalah panggung untuk melayani rakyat, bukan alat untuk membangun dinasti kekuasaan keluarga @Aldi3_0 https://t.co/lLHSqnZASd";0;0;0;0;in;1682231681703632896;1725207129207029853;NeniNirmal79;https://twitter.com/NeniNirmal79/status/1725207129207029853
Thu Nov 16 17:37:17 +0000 2023;1725206418004066399;"@mpoklela7 Iya terkenal di dunia, tapi terkenal menggunakan cara2 kotor, politik dinasti";0;0;0;1;in;1134301327972978690;1725000449395417233;lucihappy11;https://twitter.com/lucihappy11/status/1725206418004066399
Thu Nov 16 17:31:27 +0000 2023;1725204951083991067;"Ribuan mahasiswa Jawa Timur gelar mimbar bebas tolak politik dinasti!!! https://t.co/jIuYWHjRLm";0;0;0;0;in;1647089751470800898;1725204951083991067;rahmatramadhayt;https://twitter.com/rahmatramadhayt/status/1725204951083991067
Thu Nov 16 17:11:08 +0000 2023;1725199838617501722;"TOLAK POLITIK DINASTI, TOLAK YANG BERBAU JOKOWI !";0;0;0;0;in;793427822949769216;1725199838617501722;MgmPtmgm;https://twitter.com/MgmPtmgm/status/1725199838617501722
Thu Nov 16 17:03:20 +0000 2023;1725197873002975241;"Mahasiswa/i, akademisi, budayawan &amp  masyarakat Surabaya mulai bergerak "tolak dinasti politik &amp  usut tuntas pelanggaran HAM" di Kampus Unitomo.  Bgmn kampus2 di kota lain?   #TolakDinastiPolitik #UsutTuntasPelanggaranHAM https://t.co/DgixZS8HOz";0;0;0;0;in;460852025;1725197873002975241;ratubadis_nando;https://twitter.com/ratubadis_nando/status/1725197873002975241
Thu Nov 16 17:00:58 +0000 2023;1725197277147644324;"@Gus_Raharjo Susah ya kalau orang Haus akan kekuasaan, semua akan dilakukan demi membangun dinasti politik";0;0;0;0;in;1209390940189646848;1724823480812835171;zeviantii;https://twitter.com/zeviantii/status/1725197277147644324
Thu Nov 16 16:51:44 +0000 2023;1725194955357065270;"Ribuan mahasiswa Jawa timur gelar mimbar bebas tolak politik dinasti https://t.co/VNxQOnIpdx";0;4;0;1;in;1498201340;1725194955357065270;TasyaSyiami48;https://twitter.com/TasyaSyiami48/status/1725194955357065270
Thu Nov 16 16:51:28 +0000 2023;1725194888772534743;"Mantap Lawan politik dinasti yg Rakus Kuasa itu tdk tau diri e memalukan e";0;0;0;0;in;1521593984959025152;1725194888772534743;Omkaroll1;https://twitter.com/Omkaroll1/status/1725194888772534743
Thu Nov 16 16:43:14 +0000 2023;1725192813833568666;"SABOTASE, SOGOKAN DAN INTIMIDASI TERHADAP MAHASISWA GAGAL TOTAL. MAJU TERUS MAHASISWA LAWAN POLITIK DINASTI. SELAMAT BERJUANG!    Arhan #TimnasDay KDRT Irak Qory #IsraelIsATerrorist  #lawan #jokowi #demokrasi https://t.co/9LUoqSwnGd";0;0;1;1;in;1709189122433466368;1725192813833568666;syahrul_idn;https://twitter.com/syahrul_idn/status/1725192813833568666
Thu Nov 16 16:37:54 +0000 2023;1725191472436429106;"@MarhaenPetruk @aji_lembu @Prihati_utami @gibran_tweet Itu proses hukum pak bukan politik, gak ada korelasinya dgn dinasti politik. Anehaneh saja bapak ini üòÇüòÇüòÇ";0;0;0;0;in;1389814280;1725010094541410545;caponkbiru;https://twitter.com/caponkbiru/status/1725191472436429106
Thu Nov 16 16:33:10 +0000 2023;1725190284479434933;"@kompascom mau mutar balik sejarah ni orang";0;0;0;0;in;4897170770;1724959108040921501;hugelmaniso;https://twitter.com/hugelmaniso/status/1725190284479434933
Thu Nov 16 16:26:20 +0000 2023;1725188560821911636;"@RicKY_KCh Merangkul politik dinasti lebih tepatnya, anak Presiden hasil putusan inkonstitusional penuh conflict of interest putusan Paman yg juga dipecat sebagai ketua MK";0;0;0;3;in;344063362;1725008490002080032;DJ_Luvly;https://twitter.com/DJ_Luvly/status/1725188560821911636
Thu Nov 16 16:24:53 +0000 2023;1725188196462662028;"Semngat anak muda, percepatan akselerasi dll. itu hnya dijadikan tagline semata. Substansi sesungguhnya adalah pelanggengan Dinasti Politik untuk Putra Mahkota &amp  pragmatisme serta opportunisme kroni-kroninya.   Hanya ada satu kata, LAWAN !!!";0;0;0;0;in;930846602499014656;1725188196462662028;IciBlaan;https://twitter.com/IciBlaan/status/1725188196462662028
Thu Nov 16 16:24:38 +0000 2023;1725188135162900870;"Indonesia kita cuma bisa bagus dalam hal membangun Dinasti Politik. Kok bangun¬≤ infrastruktur pasti bermasalah.";0;0;0;1;in;213168371;1725188135162900870;AH_SiregarXIX;https://twitter.com/AH_SiregarXIX/status/1725188135162900870
Thu Nov 16 16:18:48 +0000 2023;1725186665759510546;"Wow!!! Surabaya keren.... Lawan politik dinasti!!!";0;0;9;34;in;221832208;1725186665759510546;SoeTjenMarching;https://twitter.com/SoeTjenMarching/status/1725186665759510546
Thu Nov 16 16:10:37 +0000 2023;1725184608554438906;"@ainunnajib Bantuan-bantuan pada saat covid itu menguntungkan nama Jokowi. Jadi akar rumput tahunya bantuan kagak ngerti dalam hal politik dinasti.";0;0;0;0;in;1022526674645078016;1725055364675350909;lobaKaheureui;https://twitter.com/lobaKaheureui/status/1725184608554438906
Thu Nov 16 16:09:35 +0000 2023;1725184347203129708;"Tugas yang cerdas kayak anda itu justru ikut menyampaikan bahaya politik dinasti ke akar rumput. Bukan malah direduksi jadi cuman sekedar "sentimen negatif".";0;0;0;0;in;223133363;1725184347203129708;LazymusPrime;https://twitter.com/LazymusPrime/status/1725184347203129708
Thu Nov 16 16:06:48 +0000 2023;1725183648088092996;"Itu tanggung jawab kaum intelektual dan kalangan terdidik utk menyampaikan apa konsekuensi dari dinasti politik bg kehidupan mrk";0;0;2;6;in;175442007;1725183648088092996;ecosocrights;https://twitter.com/ecosocrights/status/1725183648088092996
Thu Nov 16 16:04:19 +0000 2023;1725183021933056186;"@andre_rosiade @Gerindra Tragedi 98 + Dinasti Politik = Indonesia Hancur  #2024AsalBukanPrabowo";0;0;0;1;in;1702418664757297152;1725094263019680190;FIDIID62;https://twitter.com/FIDIID62/status/1725183021933056186
Thu Nov 16 16:03:34 +0000 2023;1725182834175021433;"@RembukPSI @jokowi @kaesangp @gibran_tweet politik dinasti https://t.co/nfKdUEdQXC";0;0;0;0;und;109540102;1724828017103642720;arif_aminin;https://twitter.com/arif_aminin/status/1725182834175021433
Thu Nov 16 15:59:36 +0000 2023;1725181836484383015;"@bonnietriyana @ainunnajib Masalahnya argumenmu sama sekali tidak tepat untuk pilpres 2024 ini. Hasil survey bilang bahwa rakyat aware politik dinasti jokowi, demikian mereka ga masalah dengan itu.  Lagian juga kaum intelektual itu siapa sih, jangan2 sebenernya mereka itu malah kura2 yang ga tau apa2";0;0;0;1;in;1245831163903524864;1725055364675350909;ReinaldoMh2009;https://twitter.com/ReinaldoMh2009/status/1725181836484383015
Thu Nov 16 15:56:56 +0000 2023;1725181162040209483;"@msaid_didu @Be__rian ‚ÄúDinasti politik Jokowi tak hanya mengoyak etika politik, tapi juga sekaligus merusak demokrasi,‚Äù tulis Majalah Tempo.  https://t.co/91jOZVH95L‚Ä¶ .";0;0;1;1;in;1482600556669460485;1725145283393470497;ForRezim;https://twitter.com/ForRezim/status/1725181162040209483
Thu Nov 16 15:56:03 +0000 2023;1725180942929789016;"‚ÄúDinasti politik Jokowi tak hanya mengoyak etika politik, tapi juga sekaligus merusak demokrasi,‚Äù tulis Majalah Tempo.  https://t.co/91jOZVH95L‚Ä¶ .";0;0;0;0;in;1482600556669460485;1725180796368261139;ForRezim;https://twitter.com/ForRezim/status/1725180942929789016
Thu Nov 16 15:55:28 +0000 2023;1725180796368261139;"‚ÄúDinasti politik Jokowi tak hanya mengoyak etika politik, tapi juga sekaligus merusak demokrasi,‚Äù tulis Majalah Tempo.   https://t.co/91jOZVH95L‚Ä¶ .";0;1;2;5;in;1482600556669460485;1725180796368261139;ForRezim;https://twitter.com/ForRezim/status/1725180796368261139
Thu Nov 16 15:52:44 +0000 2023;1725180107265064981;"@msaid_didu Terimakasih mahasiswa, hanya satu kata LAWAN politik dinasti";0;0;0;3;in;1555220903381725184;1725145283393470497;zoomhen;https://twitter.com/zoomhen/status/1725180107265064981
Thu Nov 16 15:52:07 +0000 2023;1725179950058360935;"SABOTASE, SOGOKAN DAN INTIMIDASI TERHADAP MAHASISWA GAGAL TOTAL. MAJU TERUS MAHASISWA LAWAN POLITIK DINASTI. SELAMAT BERJUANG!   Arhan #TimnasDay KDRT Irak Qory #IsraelIsATerrorist Irak #demokrasi #jokowi https://t.co/r0hmLWnizK";0;0;0;0;in;1708784338383536128;1725179950058360935;remihime28469;https://twitter.com/remihime28469/status/1725179950058360935
Thu Nov 16 15:51:43 +0000 2023;1725179851907514721;"@PartaiSocmed Pokoknya kalo yg melakukan pelanggaran/kecurangan PDIP itu dianggap setingan dari kubu lawan politiknya,tpi kalo yg melakukan lawan politiknya,pasti bilang yg Curang lah,yg politik dinasti lah, menggunakan kekuasaan lah,kami dicurangi lah,emank bnr PDIP ini banyak Dramanya,";0;0;0;0;in;1679143214106935296;1725153217430835390;kolodete10;https://twitter.com/kolodete10/status/1725179851907514721
Thu Nov 16 15:45:00 +0000 2023;1725178159413530738;"@v_octania @mochamadarip Betul @jokowi @gibran_tweet @kaesangp hanyalah menampilkan politik dinasti... https://t.co/nDoMI9qnxd";0;0;1;1;in;109540102;1725076974861963686;arif_aminin;https://twitter.com/arif_aminin/status/1725178159413530738
Thu Nov 16 15:44:41 +0000 2023;1725178081986412787;"Demo politik dinasti kemungkinan akan dibalas dengan demo e-ktp.";0;0;0;0;in;288217389;1725178081986412787;denmasbima;https://twitter.com/denmasbima/status/1725178081986412787
Thu Nov 16 15:41:48 +0000 2023;1725177354027155718;"Partai politik punya posisi sangat strategis dalam menentukan Arah Dan kebijakan berbangsa dan bernegara melalui Eksekutif, Legislative dan Yudikatif, maka sangat pas masa jabatan ketum partai maks 5thn saja, supaya tidak ada dinasti politik &amp  SAHKAN! RUU Sita Harta Hasil Korupsi";0;0;0;0;in;1724219744621092864;1725177354027155718;hanyalewat70132;https://twitter.com/hanyalewat70132/status/1725177354027155718
Thu Nov 16 15:40:56 +0000 2023;1725177135550091681;"@CoachJustinL @kaesangp Njir coach, lu lebih gede drpada ngikutin politik dinasti tanpa etika.  Please pikir2 ulang üôè";0;0;0;0;in;1606473952146362375;1725142562955256086;sfmgunners;https://twitter.com/sfmgunners/status/1725177135550091681
Thu Nov 16 15:40:53 +0000 2023;1725177123625738594;"@ainunnajib Yg mengatakan politik dinasti ataupun dinasti politik di Indonesia baru dimulai saat  ini sama dengan menganggap krisis Gaza Palestina itu dimulai tgl 7 Oktober.";0;0;0;0;in;1284281588268691456;1725055364675350909;Stargazer_32;https://twitter.com/Stargazer_32/status/1725177123625738594
Thu Nov 16 15:36:12 +0000 2023;1725175947857379351;"@psi_id Apa yg bisa diharapkan dr nalar partai yg ketua nya ketika ditanya politik dinasti jawabnya umur prabowo + umur gibran hasilnya yg pling muda.";0;0;0;0;in;598273634;1725021995786801220;wardoyooioi;https://twitter.com/wardoyooioi/status/1725175947857379351
Thu Nov 16 15:35:31 +0000 2023;1725175774368424168;"@ILCTalkshow Kepikiran nih.... Karena partai politik punya posisi sangat strategis dalam menentukan Arah Dan kebijakan berbangsa dan bernegara melalui Eksekutif, Legislative dan Yudikatif, maka sangat tepat masa jabatan ketum partai maksimal 5thn saja, supaya tidak ada dinasti politik...";0;0;0;0;in;1724219744621092864;1725068430402072727;hanyalewat70132;https://twitter.com/hanyalewat70132/status/1725175774368424168
Thu Nov 16 15:34:47 +0000 2023;1725175591060623431;"*Survei SMRC: 75 Persen Masyarakat Tak Suka Jokowi Bangun Dinasti Politik*  https://t.co/6ILA5mIR44 #TimnasDay";0;0;0;0;in;1681246216791953408;1725175591060623431;rudyfeb81;https://twitter.com/rudyfeb81/status/1725175591060623431
Thu Nov 16 15:33:36 +0000 2023;1725175293357301948;"@ainunnajib Kalau istilah politik Dinasti dinarasikan ulang dengan istilah atau masalah yang dekat dengan rakyat akar rumput, mungkin gejolak penolakan itu bakal tampak...";0;0;0;0;in;2341612429;1725055364675350909;Theos_Blogos;https://twitter.com/Theos_Blogos/status/1725175293357301948
Thu Nov 16 15:33:30 +0000 2023;1725175266262020472;"Nusron Wahid Soal Tudingan Politik Dinasti Pada Gibran: Nepotisme nya Dimana?  https://t.co/6qnxAKmpfH";0;0;0;3;in;853782937782714368;1725175266262020472;radaraktual;https://twitter.com/radaraktual/status/1725175266262020472
Thu Nov 16 15:28:58 +0000 2023;1725174124119572706;"@Hasbil_Lbs @aniesbaswedan Cieee yg dukung dinasti politik ciee, ganti jargon noh perubahan perubahan apaan ü§£ ko malah dukung pasangan yg sudah jelas menghalalkan sgl cara mengotak atik MK demi kepentingan pribadi ü§£";0;0;0;0;in;400103820;1724775799738544419;MIBarokah;https://twitter.com/MIBarokah/status/1725174124119572706
Thu Nov 16 15:26:55 +0000 2023;1725173611516903552;"Udah lama gak buka twitter Sekarang namanya X   Buka X :  Heboh Neo Orba  Politik Dinasti  Mahkamah Konstitusi  Mahkamah Keluarga  MK  MKMK   / Klok Adam Alis Maroko Dendi Irak Lawan hoax pemilu /   #ÏóêÏä§ÌååÏùò_ÎìúÎùºÎßàÌã±Ìïú_3Ï£ºÎÖÑ #FOR3VERwithAESPA #ÏóêÏä§Ìåå #Ïπ¥Î¶¨ÎÇò #ÏßÄÏ†§ #ÏúàÌÑ∞ #ÎãùÎãù https://t.co/ZK6zJZ91AT";1;0;0;1;in;1378613221683159043;1725173611516903552;jankopoken;https://twitter.com/jankopoken/status/1725173611516903552
Thu Nov 16 15:24:03 +0000 2023;1725172890222391488;"@didienAZHAR @jokowi Ketum nya jg ngak tegas!!..anak mantu dibiarkan begitu sj mnjadi pejabat..ngerti Nepotisme ngak?yg pd ahkir faktanya politik dinasti trbemtuk..22nya sama sajaüòÅ";0;0;0;1;in;1286557775670042625;1725098095711822182;Fadlipenyair;https://twitter.com/Fadlipenyair/status/1725172890222391488
Thu Nov 16 15:20:26 +0000 2023;1725171979504759261;"@Gi_N0ng @TeddGus @prabowo @gibran_tweet Kalau ini malah pelaku politik dinasti sesungguhnya. Jabatan di partai, bisa jadi pengurus KONI tiba2 üòÅ";0;0;0;0;in;62468709;1724993777696444604;NyiMasRuminah;https://twitter.com/NyiMasRuminah/status/1725171979504759261
Thu Nov 16 15:16:16 +0000 2023;1725170929171353984;"@ainunnajib Narasi gini tuh enak bgt, bisa jd alasan nyalahin rakyat klo politik dinasti akhirnya benar terjadi. Dia yg kotor2an main rakyat yg cuci piring.";0;0;0;0;in;2851451094;1725055364675350909;ranrats;https://twitter.com/ranrats/status/1725170929171353984
Thu Nov 16 15:15:18 +0000 2023;1725170685729816966;"Kaum intelektualnya sibuk urusannya sendiri, sedang akar rumput tahunya ya coblosan, ndak tahu itu politik dinasti ina itu. lalu dinasti benar berlanjut, terus kaum intelektualnya "getun", nyalahin akar rumput, gitu mungkin. Mereka yg paham tp lalai, orang lain disalahkan.";0;0;0;0;in;53666896;1725170685729816966;m_rofii;https://twitter.com/m_rofii/status/1725170685729816966
Thu Nov 16 15:11:38 +0000 2023;1725169762391499076;"@gus_dibyo Kamu hanya butuh persatuan bukan drama politik dinasti";0;0;0;0;in;1724672480022056960;1725107272765043005;khufra66666;https://twitter.com/khufra66666/status/1725169762391499076
Thu Nov 16 15:11:05 +0000 2023;1725169624608645262;"@geloraco Knapa rakyat hrs menolak apa itu politik dinasti ya krn penyebabnya adlh nepotisme..yg ngak ngerti nepotisme ya dungu!!üòÇ";0;0;0;0;in;1286557775670042625;1725100779416228011;Fadlipenyair;https://twitter.com/Fadlipenyair/status/1725169624608645262
Thu Nov 16 15:10:14 +0000 2023;1725169410598461924;"@Anak__Ogi Berarti tak berlaku ya politik dinasti karena yang menentukan rakyat";0;0;0;0;in;38335839;1725102073862336631;GusDaAD;https://twitter.com/GusDaAD/status/1725169410598461924
Thu Nov 16 15:03:22 +0000 2023;1725167684394877054;"@SteiviT28671 @yuwantino12 @xquitavee @gibran_tweet @kaesangp Bicara tentang politik dinasti, didaerah saya udh ada sebelum ini dan yg menerapkan itu dari partai PDIP itu sendiri";0;0;0;0;in;1724131801965502464;1724426549951099152;GrinCrowz;https://twitter.com/GrinCrowz/status/1725167684394877054
Thu Nov 16 15:02:37 +0000 2023;1725167495084925310;"Kwtika Jokowi serahkan keberlanjutan kerja soal Kedaulatan Pangan ke GANJAR Sebelum hati berubah ke politik dinasti Itulah suara hati pak jokowi Semangat  .   tag || LGBT Qory KDRT TNI AU Hindia Nabil Mas Ganjar Presiden Timnas Day Brian 15 M NO PENALTY Willy Dozan SCBD Maroko || https://t.co/x8aWxqrlEX";1;0;0;1;in;1608522814000336896;1725167495084925310;Ahlikomik;https://twitter.com/Ahlikomik/status/1725167495084925310
Thu Nov 16 14:56:51 +0000 2023;1725166044380049728;"Politik dinasti ala Presiden Jokowi https://t.co/IiIbfbCnhi";0;0;0;0;in;1709414971011194880;1725166044380049728;IbuJulid;https://twitter.com/IbuJulid/status/1725166044380049728
Thu Nov 16 14:56:46 +0000 2023;1725166022854951198;"Da'i Kondang Gus Miftah Membela Gibran yang dituding Politik Dinasti.   Bagaimana menurut mu? Apakah Gibran betul Politik Dinasti ü§î  Source : infosyiarislam  #infosyiarislam #beritaviralindonesia #gibranrakabumingraka #islamituindahdanmudah #gusmiftah #dakwahnusantara https://t.co/TsRsVcWgJJ";0;0;0;0;in;1679896540285120512;1725166022854951198;daulatrakyatcom;https://twitter.com/daulatrakyatcom/status/1725166022854951198
Thu Nov 16 14:54:35 +0000 2023;1725165475305288076;"Ribuan mahasiswa Jawa Timur gelar mimbar bebas tolak politik dinasti https://t.co/q6y5G2Rxad";0;0;0;0;in;1709414971011194880;1725165475305288076;IbuJulid;https://twitter.com/IbuJulid/status/1725165475305288076
Thu Nov 16 14:52:55 +0000 2023;1725165054947885310;"Ibuku kmrn nonton podcast abraham samad sm siapa gitu bahas soal politik dinasti. tp emg hal-hal begini ga banyak yg "ngeh" karna mikir yg penting kan dipilih lgsg oleh rakyat. Padahal yg harus disoroti bukan pemilihannya tp jauh sebelum itu, bagus kok podcastnya.";0;0;0;0;in;1487930216576319492;1725165054947885310;dilanjutgak;https://twitter.com/dilanjutgak/status/1725165054947885310
Thu Nov 16 14:51:51 +0000 2023;1725164784474104042;"Coreng Citra Baik Negara di Mata Dunia! Media Jerman dan AS Soroti Dinasti Politik di Indonesia  KDRT Coldplay TNI AU Qory Pasuruan Sanggup Shani Nabil Cikarang Turut Somethinc Diana Serem https://t.co/ifTMRNq0Q0";0;0;1;1;in;1715207654598230016;1725164784474104042;FahlanDyo;https://twitter.com/FahlanDyo/status/1725164784474104042
Thu Nov 16 14:48:04 +0000 2023;1725163832929079619;"@okkymadasari @aniesbaswedan Sy rasa u/ kalian yg masih mendukung politik dinasti itu kalian hanya kemakan sama diksi capres gemoy &amp  cawapres muda. Kita ini cari pemimpin yg memikirkan kualitas SDM bukan yg suka joget2/muda non pengalaman/petugas partai yg ikut istruksi para korea2.";0;1;0;0;in;4637298626;1725148020298391722;ring1___;https://twitter.com/ring1___/status/1725163832929079619
Thu Nov 16 14:46:18 +0000 2023;1725163389838573916;"Harusnya tolak politik dinasti https://t.co/oNxo1aGoQh";0;1;0;0;in;1558152470336983040;1725163318128603443;jenimelak;https://twitter.com/jenimelak/status/1725163389838573916
Thu Nov 16 14:44:30 +0000 2023;1725162937227022457;"@JuliyantiN54268 Politik Dinasti dengan kepentingan paman dan keponakan nya adalah penyakit yang merusak negeri. Bantu bersatu rakyat dan basmi mereka!";0;0;0;1;in;1060726410980007936;1725131981124772109;SudibyoAndi;https://twitter.com/SudibyoAndi/status/1725162937227022457
Thu Nov 16 14:37:29 +0000 2023;1725161171618000902;"@ainunnajib menarik, aku baca kalimat terakhir seolah pernyataan bukan pertanyaan. apa kalangan non intelek tidak menyadari bahayanya politik dinasti?";0;0;0;0;in;1582913659;1725055364675350909;depokjkt;https://twitter.com/depokjkt/status/1725161171618000902
Thu Nov 16 14:34:56 +0000 2023;1725160529855967671;"@GunRomli pendukung ganjar memang se bodoh ini ya ? paslon 2 berhasil dg marketing gemoy yg easy going buat voters muda,dan cara kalian nge counter itu dg nembak fisik gini makin bikin rendah ganjar. narasi dinasti politik aja ga digubris sm akar rumput, malah dilanjutin bego nya. Tolil üòÇ";0;1;0;2;in;1064199298215071746;1725028200223506659;rose18550740;https://twitter.com/rose18550740/status/1725160529855967671
Thu Nov 16 14:34:51 +0000 2023;1725160506023919789;"Tolak politik Dinasti tolak pelanggaran HAM.. https://t.co/Al3cE0Ji9K";0;0;0;0;in;1613710774622650369;1725160506023919789;Abismanissepah;https://twitter.com/Abismanissepah/status/1725160506023919789
Thu Nov 16 14:32:52 +0000 2023;1725160007224688648;"@UmarSyadatHsb__ Prabowo maju lagi aja udah masalah, karna dia 2019 penghianat. Eh skarang maju bareng politik dinasti, yaa abiiss.";0;2;1;7;in;2455773918;1725101358007873714;khoiriak;https://twitter.com/khoiriak/status/1725160007224688648
Thu Nov 16 14:25:21 +0000 2023;1725158117741040118;"@ekokuntadhi1 ..neru sin politik dinasti nyang tatunda apayah.. ??!!?  _gamukngin..  ): ..mukngin jah..  _gakmukngin..  ü•≥__üò≤üòµ‚Äçüí´üò≤_ü§®__ü•±üò™ü•±";0;0;0;0;in;1099647132745662465;1725092258805129384;Azhi21Pagar;https://twitter.com/Azhi21Pagar/status/1725158117741040118
Thu Nov 16 14:22:06 +0000 2023;1725157300497797431;"Rakyat Indonesia jangan Mau dibohongi .. Waspada sama wowo dan gbrn yang kerjanya belum teruji dan bahkan Patut dipertanyakan status Pendidikannya #DinastiPolitik #MenolakLupa https://t.co/6j2yymUdCx";0;0;0;0;in;530940563;1725157300497797431;alfiyanujang;https://twitter.com/alfiyanujang/status/1725157300497797431
Thu Nov 16 14:21:52 +0000 2023;1725157240963731659;"Rakyat Indonesia jangan Mau dibohongi .. Waspada sama wowo dan gbrn yang kerjanya belum teruji dan bahkan Patut dipertanyakan status Pendidikannya #DinastiPolitik #MenolakLupa https://t.co/ON9CEDHYzT";0;0;0;0;in;530940563;1725157240963731659;alfiyanujang;https://twitter.com/alfiyanujang/status/1725157240963731659
Thu Nov 16 14:21:39 +0000 2023;1725157185787703571;"Rakyat Indonesia jangan Mau dibohongi .. Waspada sama wowo dan gbrn yang kerjanya belum teruji dan bahkan Patut dipertanyakan status Pendidikannya #DinastiPolitik #MenolakLupa https://t.co/oacvoezDjj";0;0;0;0;in;530940563;1725157185787703571;alfiyanujang;https://twitter.com/alfiyanujang/status/1725157185787703571
Thu Nov 16 14:20:30 +0000 2023;1725156897072795968;"@Dennysiregar7 Tidak hanya sebagai warga negara, tapi sebagai penjaga moralitas bangsa...terus lawak ketidakadilan dan kecurangan kalahkan kaum orba yang berdiri diatas dinasti politik";0;0;0;0;in;1704047918758699008;1725042544755785879;_rawein;https://twitter.com/_rawein/status/1725156897072795968
Thu Nov 16 14:18:45 +0000 2023;1725156457526538555;"@kumparan Bkn di jogya sj sby jg, hampir seluruh kota bsr jawa jg, penyandang dana partai kcl ini siapa y? Peserta pemilu partai gurem bs jd kuda htm politik Krn dukung oligarki penguasa. Yakin tdk coblos dinasti politik??faham kaga?";0;0;0;0;in;1690387541089030144;1725118408201732569;TanRockBamKop18;https://twitter.com/TanRockBamKop18/status/1725156457526538555
Thu Nov 16 14:18:32 +0000 2023;1725156402765685117;"Lihat video ini Agar Rakyat Tahu Kondisi Bangsa Negara Indonesia Tidak Baik-Baik Saja Karena Ada Nuansa Dinasti Politik Oleh Pihak Penguasa Hanya Karena AMBISI KeKuasaan,pospera_kotatangerang! #TikTok https://t.co/86bCtQIfoR";0;0;0;0;in;1307691807921201153;1725156402765685117;Haryant92477372;https://twitter.com/Haryant92477372/status/1725156402765685117
Thu Nov 16 14:16:59 +0000 2023;1725156009809739915;"Apa yg membuat curang?? Kediktatora'an,nepotisme,dan dinasti politik yg di bangun #jkw ,, yg dimana dialah yg punya segala alat kekuasaan";0;0;0;1;in;1682838628412854274;1725156009809739915;Team_kreativ;https://twitter.com/Team_kreativ/status/1725156009809739915
Thu Nov 16 14:16:11 +0000 2023;1725155811087761718;"Lengserkan politik dinasti... laknatullah.";0;0;0;0;in;1513651601067548673;1725155811087761718;AzamJavas;https://twitter.com/AzamJavas/status/1725155811087761718
Thu Nov 16 14:11:34 +0000 2023;1725154645675217373;"di masa tuamu kau masuk ke politik, dan kau akan dibombardir karena kau taat pada kelompok keluarga dinasti...hadeh...";0;0;0;0;in;2965397437;1725154645675217373;0c54035bd195463;https://twitter.com/0c54035bd195463/status/1725154645675217373
Thu Nov 16 14:08:27 +0000 2023;1725153863320158403;"Dinasti politik seperti ini, membuat kita meragukan apakah demokrasi kita benar-benar memberikan keadilan dan kesetaraan @berryest https://t.co/wmulOhOykB";0;0;0;0;in;1712469517480394752;1725153863320158403;lisaafebriantii;https://twitter.com/lisaafebriantii/status/1725153863320158403
Thu Nov 16 14:06:56 +0000 2023;1725153483504992689;"Dinasti politik seperti ini, membuat kita meragukan apakah demokrasi kita benar-benar memberikan ruang untuk keadilan @better_yawnzzn https://t.co/T8MLVGkubz";0;0;0;0;in;1712673238881550336;1725153483504992689;FarhanvHamzah;https://twitter.com/FarhanvHamzah/status/1725153483504992689
Thu Nov 16 14:04:34 +0000 2023;1725152884117913879;"Dinasti politik seperti ini membuat harapan untuk pemimpin yang benar-benar melayani rakyat semakin suram @bengajaweh https://t.co/rqzItqOVJB";0;0;0;0;in;1713167960678998016;1725152884117913879;fadelkrniawann;https://twitter.com/fadelkrniawann/status/1725152884117913879
Thu Nov 16 14:04:18 +0000 2023;1725152820435792122;"Dinasti politik seperti ini membuat kita ragu, apakah demokrasi kita benar-benar berfungsi atau hanya formalitas belaka @berlandiarfans3 https://t.co/pnLbTx8RMU";0;0;0;0;in;1713451219459698688;1725152820435792122;kaylaseptiannii;https://twitter.com/kaylaseptiannii/status/1725152820435792122
Thu Nov 16 14:03:21 +0000 2023;1725152580462874794;"@StefanAntonio__ Jikalau puan capres pdip, pasti para buzzer jd Goblokkkk dan bisu ttg POLITIK DINASTI..  Good! üëçüëç";0;0;0;0;in;954644996;1725097190576771381;MauritsAlberth;https://twitter.com/MauritsAlberth/status/1725152580462874794
Thu Nov 16 14:02:02 +0000 2023;1725152249754558685;"Jokowi bikin dinasti politik keluarga yang bisa dijadiin bahan sketsa lawak Anak jadi wakil presiden, kayaknya skenario sinetron deh @bebeto_leutualy https://t.co/JBM4VofJRH";0;0;0;0;in;1712833866338357248;1725152249754558685;KevinnIndraa;https://twitter.com/KevinnIndraa/status/1725152249754558685
Thu Nov 16 14:01:59 +0000 2023;1725152234483101979;"Jokowi yang dulu dianggap sebagai "presiden kerja," kini terlihat lebih fokus membangun dinasti politik ketimbang membangun bangsa @betmenih https://t.co/AhryW9lVeH";0;0;0;0;in;1712723268376109056;1725152234483101979;SyahirayJ;https://twitter.com/SyahirayJ/status/1725152234483101979
Thu Nov 16 14:01:51 +0000 2023;1725152201348088189;"kenapa politik dinasti direspon biasa aja? ..... karena istilah orang dalam sudah biasa";0;0;0;0;in;2177203375;1725152201348088189;KAMMOES;https://twitter.com/KAMMOES/status/1725152201348088189
Thu Nov 16 14:01:11 +0000 2023;1725152033932513396;"Dinasti politik Jokowi-Gibran, seakan menjadi pelecut semangat bagi elit politik lain untuk menjadikan kekuasaan sebagai milik pribadi @BerryBeeboo https://t.co/WLDhzhbrav";0;0;0;0;in;1712478923534319616;1725152033932513396;fauzanalkarimm;https://twitter.com/fauzanalkarimm/status/1725152033932513396
Thu Nov 16 14:00:53 +0000 2023;1725151957747151193;"@kumparan Di Jatim. Se abrek ni anak politik dinasti";0;0;0;0;in;1639882942075002882;1725118408201732569;prazstiyo;https://twitter.com/prazstiyo/status/1725151957747151193
Thu Nov 16 13:59:26 +0000 2023;1725151596017791246;"Dinasti politik Jokowi-Gibran, seakan menjadi pengingat bahwa kekuasaan bisa membuat orang lupa akan janji-janji kampanye @BETHEMO0N https://t.co/piezdH44B0";0;0;0;0;in;1712715283646054401;1725151596017791246;FahmivPutra;https://twitter.com/FahmivPutra/status/1725151596017791246
Thu Nov 16 13:58:43 +0000 2023;1725151412303089952;"Rakyat sudah semakin cerdas. Rakyat sudah muak dg kebohongan.  Jangan paksa rakyat memilih pemimpin hasil pemerkosaan thd konstitusi.  Mahasiswa Bergerak Melawan Dinasti Politik.  #GanjarMahfudTaatKonstitusi https://t.co/M2rM3S5NVQ";0;1;9;18;in;4200694752;1725151412303089952;Ari3Pras;https://twitter.com/Ari3Pras/status/1725151412303089952
Thu Nov 16 13:58:15 +0000 2023;1725151297723039786;"@Dennysiregar7 Lebih di suarakan lagi tolak putusan MK ,politik dinasti,tidak boleh ketidak adilan berkuasa";0;0;0;0;in;1720862087579340800;1725128459519983731;pantau_kau;https://twitter.com/pantau_kau/status/1725151297723039786
Thu Nov 16 13:58:01 +0000 2023;1725151238923190554;"@ainunnajib Dari babarapa obrolan warung kopi, endongan, dan rt-an di beberapa kampung yang saya lihat rakyat menolak politik dinasti. Saya mengenal orang2 die hard prabowo di pilpres 2019, dan mereka pergi dari prabowo karena ada GIBRAN-nya";0;0;0;0;in;316313045;1725055364675350909;adoncrush;https://twitter.com/adoncrush/status/1725151238923190554
Thu Nov 16 13:57:53 +0000 2023;1725151205486113188;"Jokowi membangun dinasti politik keluarga seolah-olah membangun rumah Lego Tapi sayangnya, ini bukan mainan @becbecbeka https://t.co/AaFbxnNsz4";0;0;0;0;in;1712823133516730368;1725151205486113188;NinaSriwatiii;https://twitter.com/NinaSriwatiii/status/1725151205486113188
Thu Nov 16 13:57:22 +0000 2023;1725151073961189637;"Dinasti politik ini memperlihatkan bahwa jalan menuju kekuasaan bisa diakali dengan berbagai cara, bahkan mengelabui konstitusi @bergolulu https://t.co/ysabukityc";0;0;0;0;in;1713524870401912832;1725151073961189637;thariqmahendra;https://twitter.com/thariqmahendra/status/1725151073961189637
Thu Nov 16 13:56:52 +0000 2023;1725150946458583149;"Seakan bermimpi di istana, Jokowi membangun dinasti politik keluarga tanpa melihat batas etika dan moral @bellysjj https://t.co/LtxsiZn8Ec";0;0;0;0;in;1712778672569204736;1725150946458583149;FauzanGalihx;https://twitter.com/FauzanGalihx/status/1725150946458583149
Thu Nov 16 13:56:33 +0000 2023;1725150867177845183;"Gotong royong lawan Nepotisme Politik Dinasti";0;0;0;1;in;1397546059;1725150867177845183;BangIssan;https://twitter.com/BangIssan/status/1725150867177845183
Thu Nov 16 13:53:39 +0000 2023;1725150140074500600;"Dinasti politik ini, seakan menunjukkan bahwa perubahan dan inovasi dalam kepemimpinan menjadi sulit diwujudkan @bernamedung https://t.co/8UV5kXkCog";0;0;0;0;in;1712412872041746432;1725150140074500600;Dewilestaaar;https://twitter.com/Dewilestaaar/status/1725150140074500600
Thu Nov 16 13:51:59 +0000 2023;1725149718781599972;"Dinasti politik ini, seakan menjadi representasi bahwa kekuasaan bisa diwariskan seperti harta keluarga @bestyejun https://t.co/2spWUOknMN";0;0;0;0;in;1712711430389284864;1725149718781599972;RafibRahmad;https://twitter.com/RafibRahmad/status/1725149718781599972
Thu Nov 16 13:50:24 +0000 2023;1725149322864386474;"Kayaknya emang politik dinasti udah umum di masyarakat, buktinya setelah putusan MK elektabilitas Paslon no. 2 malah naik...";0;1;0;0;in;1313404999481737216;1725149322864386474;erlanggayunusal;https://twitter.com/erlanggayunusal/status/1725149322864386474
Thu Nov 16 13:47:56 +0000 2023;1725148701021093908;"Dinasti politik Jokowi-Gibran, membuat kita bertanya-tanya, apakah demokrasi kita hanya sekadar sandiwara politik belaka @berasrose_brand https://t.co/1Ei2y6IQk1";0;0;0;0;in;1713512855776198656;1725148701021093908;yasminedevv;https://twitter.com/yasminedevv/status/1725148701021093908
Thu Nov 16 13:45:23 +0000 2023;1725148056658890985;"9 th ‚Äòtak sangka aku genggam berlian ‚Ä¶   Jebul tele√©k lencung  *************************^ TOLAK POLITIK DINASTI !!!   GANJAR MAHFUD ü§ü Untuk Indonesia Maju Indonesia Tanpa Drama #GanjarMahfudPilihanRakyat";7;50;69;394;in;1464448807429623817;1725148056658890985;PreciosaKanti;https://twitter.com/PreciosaKanti/status/1725148056658890985
Thu Nov 16 13:45:04 +0000 2023;1725147979747668410;"Apakah ini dinasti baru atau hanya keluarga yang ingin bersenang-senang di dunia politik? @apayaterserahlu https://t.co/WxS652EXLw";0;0;0;0;in;1710243023781875712;1725147979747668410;SriHandayanm;https://twitter.com/SriHandayanm/status/1725147979747668410
Thu Nov 16 13:43:26 +0000 2023;1725147566109798569;"Dinasti politik Jokowi-Gibran menjadi cermin buruk, di mana kepentingan pribadi diutamakan daripada kepentingan negara @belovedchoisan https://t.co/QWKE4L8dw5";0;0;0;0;in;1713149711488815104;1725147566109798569;kelvinrapanu;https://twitter.com/kelvinrapanu/status/1725147566109798569
Thu Nov 16 13:43:07 +0000 2023;1725147489660010849;"Dinasti politik Jokowi-Gibran, membuat kita meragukan apakah demokrasi kita benar-benar memberikan keadilan bagi semua @beruangtaehyung https://t.co/twrRAtaI54";0;0;0;0;in;1716743749089591297;1725147489660010849;ishaqadyatama;https://twitter.com/ishaqadyatama/status/1725147489660010849
Thu Nov 16 13:42:34 +0000 2023;1725147349041729959;"@JuliyantiN54268 Basmi Politik Dinasti yang curang dan Kotor. Bersama-sama lawan Politik Dinasti dan jadilah #2024KalahkanJokowi!";0;0;0;2;in;1041949278623518720;1725131981124772109;AtoGundo;https://twitter.com/AtoGundo/status/1725147349041729959
Thu Nov 16 13:40:58 +0000 2023;1725146945449275886;"The Prince Nicola Machiavelli, "Politik Dinasti", mengerikan &amp  menghalalkan segala cara untuk mencapai tujuan politik dalam meraih kekuasaan, sering digunakan oleh beberapa negara dengan mendapatkan kekuasaan dalam pemerintahan otoriter. Berbeda dengan Falsafah PANCASILA. https://t.co/dmsGt7R9Ni";0;0;0;0;in;2898088374;1725146945449275886;KamarullahH;https://twitter.com/KamarullahH/status/1725146945449275886
Thu Nov 16 13:40:15 +0000 2023;1725146765035278547;"Unitomo Surabaya : sabotase, Sogokan, dan Intimidasi terhadap mahasiswa gagal total. Maju terus mahasiswa lawan politik Dinasti ! Selamat berjuang! Rakyat bersamamu !  .   tag || Biden Willy Dozan KDRT LGBT TNI AU Ganjar Presiden Nabil Fix You MAS BRIAN My Universe Hindia 15 M || https://t.co/bTlpU2xCkp";0;0;1;2;in;1608522814000336896;1725146765035278547;Ahlikomik;https://twitter.com/Ahlikomik/status/1725146765035278547
Thu Nov 16 13:39:59 +0000 2023;1725146701256618265;"Jokowi, anak, dan saudara: trio dinasti yang berusaha merajut masa depan politik keluarga @apasihwoi https://t.co/wkFfPLQQjS";0;0;0;0;in;1710268593823432704;1725146701256618265;dennyandrnn;https://twitter.com/dennyandrnn/status/1725146701256618265
Thu Nov 16 13:39:43 +0000 2023;1725146631950258457;"Lawan politik dinasti, tolak pelanggar HAM  TNI AU, Open PO, Polri, Kami Muak, Cikarang, KDRT, Feni, Siang, Dyandra, Pasuruan, Willy Dozan, Fix You, Arhan, Qory https://t.co/36yzTh1Dux";0;1;1;6;in;1616627618425761792;1725146631950258457;indagh1n;https://twitter.com/indagh1n/status/1725146631950258457
Thu Nov 16 13:39:12 +0000 2023;1725146501075382306;"Apapun Alasanya... Stop politik dinasti... #Perubahan https://t.co/sNs2IuNlQ2";0;0;0;0;in;1478240816527069184;1725146501075382306;bebekviral_r;https://twitter.com/bebekviral_r/status/1725146501075382306
Thu Nov 16 13:38:26 +0000 2023;1725146310347833791;"@StefanAntonio__ ü§üü§üü§üü§üü§ü  TOLAK POLITIK DINASTI";0;0;1;2;eu;1464448807429623817;1725097190576771381;PreciosaKanti;https://twitter.com/PreciosaKanti/status/1725146310347833791
Thu Nov 16 13:37:39 +0000 2023;1725146110585672058;"@__AnakKolong TOLAK POLITIK DINASTI !   Note :  Hi Bang, be safe ya. Tengok kiri kanan, belakang selalu ü§ü";0;1;4;46;in;1464448807429623817;1725068935257837983;PreciosaKanti;https://twitter.com/PreciosaKanti/status/1725146110585672058
Thu Nov 16 13:35:31 +0000 2023;1725145574087840155;"Ribuan Mahasiswa Jatim, Tolak Politik Dinasti !! https://t.co/ArlMc8c347";0;0;0;0;in;1697089685154410496;1725145574087840155;Alayidrus_Wahid;https://twitter.com/Alayidrus_Wahid/status/1725145574087840155
Thu Nov 16 13:34:37 +0000 2023;1725145347474018739;"Keren nih, dari kayu-kayuan bisa ngebangun dinasti kekuasaan Gergaji jadi senjata politik, siapa sangka? @ApriadiYasin https://t.co/gUQTMVeINI";0;0;0;0;in;1712038007090671616;1725145347474018739;Ridwanhidayatts;https://twitter.com/Ridwanhidayatts/status/1725145347474018739
Thu Nov 16 13:34:26 +0000 2023;1725145302674595959;"Lawan politik dinasti, tolak pelanggar HAM   TNI AU, Open PO, Polri, Kami Muak, Cikarang, KDRT, Feni, Siang, Dyandra, Pasuruan, Willy Dozan, Fix You, Arhan, Qory https://t.co/NVv42b2bvX";0;1;0;0;in;1617366024399253506;1725145302674595959;bungaag1;https://twitter.com/bungaag1/status/1725145302674595959
Thu Nov 16 13:34:21 +0000 2023;1725145283393470497;"Lawan politik dinasti. Surabaya bergerak https://t.co/anbUkWy5Rt";32;65;1542;3589;in;1117990249806721024;1725145283393470497;msaid_didu;https://twitter.com/msaid_didu/status/1725145283393470497
Thu Nov 16 13:33:31 +0000 2023;1725145072235405411;"@FirzaHusain Pokoknya tolak dinasti politik";0;0;1;3;in;1053271569877749760;1725143141345534046;mikuroQ;https://twitter.com/mikuroQ/status/1725145072235405411
Thu Nov 16 13:30:00 +0000 2023;1725144185412735419;"Apakah ini dinasti baru atau hanya keluarga yang ingin bersenang-senang di dunia politik? @apokalouv https://t.co/AnXxq1Fich";0;0;0;0;in;1712047204112924672;1725144185412735419;Lylynala;https://twitter.com/Lylynala/status/1725144185412735419
Thu Nov 16 13:27:55 +0000 2023;1725143662512976241;"@MustaamK90296 Lawan Politik Dinasti ‚úä‚úäüáÆüá©üáÆüá©";0;1;0;1;in;1362017926304309248;1725075356305281037;OmpungGuru;https://twitter.com/OmpungGuru/status/1725143662512976241
Thu Nov 16 13:24:55 +0000 2023;1725142909417316378;"@JuliyantiN54268 Ayolah bersatu dan cegah politik dinasti dari merusak negeri";0;0;0;0;in;1716459088589058048;1725131981124772109;GhanesaIvan;https://twitter.com/GhanesaIvan/status/1725142909417316378
Thu Nov 16 13:24:14 +0000 2023;1725142736008073489;"@willsarana Bukan menghina / memaki bro @willsarana, tp mengkritik &amp memberi saran.   Kami tidak menafikan prestasi jokowi, memang hebat, bahkan Salah satu yang terhebat.  Yang dikritisi hanya tentang politik dinasti. Jadi jangan berkesan seakan semua menghina Dan menafikan prestasinya";0;2;1;12;in;1428570107635138567;1725136234874560882;lazuardi_riko;https://twitter.com/lazuardi_riko/status/1725142736008073489
Thu Nov 16 13:14:49 +0000 2023;1725140366993805613;"Mahasiswa yg berdemo berteriak dan memasang poster bertulisakan TOLAK DINASTI POLITIK, LAWAN PELANGGAR HAM hampir di seluruh kampus. Mereka juga meneriakkan yel2 perlawanan anti-KKN.  Kabarnya demo mahasiswa spt yg terjadi di Univ. Bung Tomo  jg akan berlangsung di kampus2 lain.";0;0;0;0;in;1628019266783154176;1725139567525929100;pesonanegeri123;https://twitter.com/pesonanegeri123/status/1725140366993805613
Thu Nov 16 13:14:21 +0000 2023;1725140249456902588;"@OposisiCerdas Wah..wah.. Baru tau kalo Jokowi sama Prabowo ternyata saudaraan... jgn2 politik dinasti itu beneran ada dong??";0;0;0;0;in;1353661747438129153;1724903695333437897;LaaTAHZ31834379;https://twitter.com/LaaTAHZ31834379/status/1725140249456902588
Thu Nov 16 13:11:39 +0000 2023;1725139567525929100;"Mahasiswa Surabaya Bergerak: TOLAK POLITIK DINASTI, LAWAN PELANGGAR HAM!    Hari Rabu (15/11) ribuan mahasiswa Universitas Bung Tomo, Surabaya, didukung civitas akademika lainnya  melakukan aksi damai menolak proses pelaksanaan Pemilu 2024 yg dianggap tidak adil. https://t.co/E9LlK1PSTa";0;2;0;0;in;1628019266783154176;1725139567525929100;pesonanegeri123;https://twitter.com/pesonanegeri123/status/1725139567525929100
Thu Nov 16 13:11:19 +0000 2023;1725139486122869115;"@GunRomli Mencegah politik dinasti? Tolak pasangan karbitan istana";0;0;2;10;in;1440692601124839436;1725071648842518788;JuliusMG1;https://twitter.com/JuliusMG1/status/1725139486122869115
Thu Nov 16 13:07:58 +0000 2023;1725138641947951612;"@ainunnajib Ya edukasi masyarakat lah.. agar tidak ada politik dinasti. Jangan malah didukung..";0;0;0;0;in;1603927094815121408;1725055364675350909;kalawasanadeva;https://twitter.com/kalawasanadeva/status/1725138641947951612
Thu Nov 16 13:04:03 +0000 2023;1725137657809014842;"bergerak tolak politik dinasti üëÄüëá https://t.co/BfIg90ID5y";0;0;0;4;eu;213626100;1725137657809014842;deBUGsy;https://twitter.com/deBUGsy/status/1725137657809014842
Thu Nov 16 13:01:25 +0000 2023;1725136992676311216;"@nongandah Politik Dinasti? Ah iya lupa, PDI-P dgn ketum abadinya, yg anak hingga cucunya ikut kontestasi pemilu juga masuk politik dinasti kan? terus ada Nasdem, Demokrat, Gerindra, PKB, Golkar, itu mreka juga masuk politik dinasti kan?";0;2;0;3;in;1568066198;1725012708956029255;aksara_rembulan;https://twitter.com/aksara_rembulan/status/1725136992676311216
Thu Nov 16 13:00:32 +0000 2023;1725136770914988367;"Apakah pak Jokowi tidak merasa bahwa rakyat sudah gelisah dan tidak menyukai langkah politik yang diambilnya?  Apakah beliau tutup mata, tutup telinga akan semua ini?   Pak @jokowi , lihatlah rakyat mu, mereka sudah muak dengan kondisi yang anda ciptakan.  Politik dinasti semakin‚Ä¶ https://t.co/1SW4b4BMwo";6;41;120;312;in;2650421658;1725136770914988367;NgkongRoses;https://twitter.com/NgkongRoses/status/1725136770914988367
Thu Nov 16 12:51:05 +0000 2023;1725134395483562475;"Ribuan Mahasiswa Jawa Timur Gelar Mimbar Bebas TOLAK!! Politik Dinasti #Wowo #CapresAbadi #CawapresIlegal #MahkamahKeluarga CONGRATULATIONS JUNGKOOK #„Éô„Çπ„Éà„Éí„ÉÉ„ÉàÊ≠åË¨°Á•≠2023 https://t.co/BrHSxV2shL";1;13;3;3;in;1642236519179079680;1725134395483562475;Capres_abadi_;https://twitter.com/Capres_abadi_/status/1725134395483562475
Thu Nov 16 12:47:17 +0000 2023;1725133437382828268;"Hayo pilih yang mana Presiden Jokowi jadi petugas partai malah membuat Indonesia jadi lebih maju, pembangunan ada dimana2 seluruh Indonesia giliran merasa sdh bisa mandiri malah buat Dinasti Politik dengan membawa Demokrasi Indonesia mundur Apabila Dinasti Politiknya bisa menang,‚Ä¶ https://t.co/wFIAH3RnFz";4;11;55;145;in;1053271569877749760;1725133437382828268;mikuroQ;https://twitter.com/mikuroQ/status/1725133437382828268
Thu Nov 16 12:34:14 +0000 2023;1725130154434048068;"Apasih yang diharapkan dari pemkot yang solusi mengatasi kemacetannya dengan bikin lagu, pembangunan centsalized di Margonda, dan.. yah politik dinasti  Seremnya palingan besok2 juga dinasti2 juga ü§¶‚Äç‚ôÇÔ∏è";0;0;0;0;in;2489366941;1725130154434048068;nopenothingthx;https://twitter.com/nopenothingthx/status/1725130154434048068
Thu Nov 16 12:31:14 +0000 2023;1725129398561722775;"@Dennysiregar7 Fight for dinasti politik dan fight for orba reborn üëçü§üüëè";0;0;0;4;und;1558279452835995648;1725128459519983731;Pascali89370598;https://twitter.com/Pascali89370598/status/1725129398561722775
Thu Nov 16 12:31:00 +0000 2023;1725129341259165903;"@Rasto66010876 @Verraagustian_ Ngaruh ga kira kira itu politik dinasti udah ada dari jaman orba ..";0;0;0;1;in;1615980757767585792;1725049738293400030;RusdiRu01226366;https://twitter.com/RusdiRu01226366/status/1725129341259165903
Thu Nov 16 12:30:47 +0000 2023;1725129284103385599;"Kalo tim Ganjar - Mahfud bisa memanfaatkan aksi mahasiswa yang menolak politik dinasti, bisa¬≤ masyarakat paham akal licik gua yang merubah syarat Capres/Cawapres untuk meloloskan Gibran. Jika masyarakat tahu, mereka gak mau pilih Prabowo - Gibran, mampus gua. üò≠ #OrdeBaruReborn https://t.co/XHkxTjjckc";1;15;68;182;in;1463720993176784901;1725129284103385599;Omnya_Gibran;https://twitter.com/Omnya_Gibran/status/1725129284103385599
Thu Nov 16 12:28:52 +0000 2023;1725128802236514808;"Duet pasangan penuh masalah! Jangan pilih paslon yang pelanggar HAM dan pelanggar konstitusi #TolakWowo #WowoPelanggarHAM #DinastiPolitik #PolitikDinasti #TolakDinastiPolitik https://t.co/16RsjekQpW";0;4;2;3;in;2378478266;1725128802236514808;cahyadibison;https://twitter.com/cahyadibison/status/1725128802236514808
Thu Nov 16 12:28:48 +0000 2023;1725128785278943360;"Duet pasangan penuh masalah! Jangan pilih paslon yang pelanggar HAM dan pelanggar konstitusi #TolakWowo #WowoPelanggarHAM #DinastiPolitik #PolitikDinasti #TolakDinastiPolitik https://t.co/m3z1KTbzu8";0;0;0;1;in;2378478266;1725128785278943360;cahyadibison;https://twitter.com/cahyadibison/status/1725128785278943360
Thu Nov 16 12:28:43 +0000 2023;1725128765536440374;"Duet pasangan penuh masalah! Jangan pilih paslon yang pelanggar HAM dan pelanggar konstitusi #TolakWowo #WowoPelanggarHAM #DinastiPolitik #PolitikDinasti #TolakDinastiPolitik https://t.co/rgXF96lpCF";0;0;0;1;in;2378478266;1725128765536440374;cahyadibison;https://twitter.com/cahyadibison/status/1725128765536440374
Thu Nov 16 12:28:06 +0000 2023;1725128610762379717;"@Hanif_AF Tahu kan, yang namanya oposisi  Parah artinya anak jok... ada dinasti politik  Gila lu....";0;1;0;1;in;892677724539682816;1725122582054384116;DeanWahyus;https://twitter.com/DeanWahyus/status/1725128610762379717
Thu Nov 16 12:25:58 +0000 2023;1725128071941087401;"Pada sotoy rakyat iniitu tapi di strata paling bawah politik dinasti tu rahasia umum. Etis gak etis mah dikalangan elit doang, toh elitnya juga busuk di atas. Jadi yaaaaa, biasa aja sih liat politik dinasti.";0;1;0;0;in;1442285821;1725128071941087401;pratadisaput;https://twitter.com/pratadisaput/status/1725128071941087401
Thu Nov 16 12:23:05 +0000 2023;1725127345651302574;"Buntut Cawapres Ilegal tolak dinasti politik... https://t.co/y1bh3nZXPQ";0;0;0;0;in;1638845005086195713;1725127345651302574;kapt_robinhood;https://twitter.com/kapt_robinhood/status/1725127345651302574
Thu Nov 16 12:21:15 +0000 2023;1725126887637491764;"Menolak Lupa !!!    Tolak Politik Dinasti !!!  https://t.co/zA9Mav46or   #politikdinasti #mkmk #anwarusman #prabowo #gibran #tolakprabowo";0;0;0;0;eu;1564480178969264128;1725126887637491764;bebasekspresi17;https://twitter.com/bebasekspresi17/status/1725126887637491764
Thu Nov 16 12:20:27 +0000 2023;1725126682540228737;"Menolak Lupa !!!  Tolak Politik Dinasti !!!  https://t.co/QKpqVC8kjw   #politikdinasti #mkmk #anwarusman #prabowo #gibran #tolakprabowo";0;0;0;0;eu;1564480178969264128;1725126682540228737;bebasekspresi17;https://twitter.com/bebasekspresi17/status/1725126682540228737
Thu Nov 16 12:18:53 +0000 2023;1725126292012728329;"Menolak Lupa !!!  Tolak Politik Dinasti !!!  #politikdinasti #mkmk #anwarusman #prabowo #gibran #tolakprabowo https://t.co/0dwmiwrUZB";0;0;0;0;eu;1564480178969264128;1725126292012728329;bebasekspresi17;https://twitter.com/bebasekspresi17/status/1725126292012728329
Thu Nov 16 12:17:10 +0000 2023;1725125858950631533;"Ribuan Mahasiswa Jawa Timur Gelar Mimbar Bebas Tolak Politik Dinasti !!!  Tolak Politik Dinasti !!!  #politikdinasti #mkmk #anwarusman #prabowo #gibran #tolakprabowo https://t.co/LJ9RIeCPIa";0;0;0;0;in;1564480178969264128;1725125858950631533;bebasekspresi17;https://twitter.com/bebasekspresi17/status/1725125858950631533
Thu Nov 16 12:16:52 +0000 2023;1725125784308986281;"@elsaday__ Lawan politik dinasti üí™";0;1;1;1;in;215167685;1725026793651106283;Mhz_Feraldi;https://twitter.com/Mhz_Feraldi/status/1725125784308986281
Thu Nov 16 12:16:30 +0000 2023;1725125689874260176;"Tolak Politik Dinasti !!!  #politikdinasti #mkmk #anwarusman #prabowo #gibran #tolakprabowo https://t.co/nNwTJxZxHh";0;0;0;0;eu;1564480178969264128;1725125689874260176;bebasekspresi17;https://twitter.com/bebasekspresi17/status/1725125689874260176
Thu Nov 16 12:15:55 +0000 2023;1725125542301856085;"Rakyat kecewa karena ambisi anak dan kroni Bapak stop politik dinasti  #StopDinastiPolitik #DinastiPolitikKamiMuak #TegakLurusKonstitusi #Pilpres2024 #PemiluDamai #JagaNetralitas https://t.co/zcsEywvPE5";0;0;0;0;in;1723227049903673344;1725125542301856085;ahmadsofya95948;https://twitter.com/ahmadsofya95948/status/1725125542301856085
Thu Nov 16 12:10:55 +0000 2023;1725124285977743831;"@jokowi Hidup Nepotisme .. hidup Dinasti Politik .. üôÉüôÉüôÉüôÉ";0;0;0;0;in;1701775710057324544;1724979474188689824;NadyaAlia94;https://twitter.com/NadyaAlia94/status/1725124285977743831
Thu Nov 16 12:08:30 +0000 2023;1725123675941400823;"Politik dinasti, Gibran itu contoh @Fratezovs https://t.co/51DNlNbH0u";0;0;0;0;in;1682282467242409985;1725123675941400823;jonkepin_0;https://twitter.com/jonkepin_0/status/1725123675941400823
Thu Nov 16 12:04:56 +0000 2023;1725122778490368129;"@ainunnajib Hanya otak kosong yang mau menjalankan politik dinasti... Trus guna demokrasi apa yg sudah dari dulu dipakai  Oramg pinter ngerti apa itu demokrasi https://t.co/yNoUuNuAp2";0;0;0;0;in;1523819366621491201;1725055364675350909;Toffthi02;https://twitter.com/Toffthi02/status/1725122778490368129
Thu Nov 16 12:04:36 +0000 2023;1725122695598371165;"@detikcom Kalo yg yg didukung partai PDiP bilangnya setingan,tapi kalo yg didukung selain PDIP bilangnya ,Neo Orba lah,haus kekuasaan lah,kecurangan lah,politik dinasti lah,,emank bener partai ini penuh drama ga kadernya ,ga capresnya,ga ketumnya";0;8;12;158;in;1679143214106935296;1725094105871528413;kolodete10;https://twitter.com/kolodete10/status/1725122695598371165
Thu Nov 16 12:00:58 +0000 2023;1725121780178898964;"@Tita83079013 @mohmahfudmd Susah juga ya milihnya 1 khilafah radikal, 2 pelanggar HAM politik dinasti, 3 dikit2 syariah Mbok ya Pancasila. Tapi kalau golput nanti yg menang malah penjahat. Wis nunggu debat Presiden baru menentukan pilihan";0;0;0;2;in;1134301327972978690;1724958529919086761;lucihappy11;https://twitter.com/lucihappy11/status/1725121780178898964
Thu Nov 16 11:53:08 +0000 2023;1725119808499486946;"@Dennysiregar7 Jadi pendukung ganjar dan anis harus saling menguatkan karena walaupun banyak perbedaan tapi kita punya persamaan yakni 1. Kita tidak mau dinasti politik 2.kita tidak mau neo orba";0;0;0;0;in;1677799765193674752;1725054056463495506;Yasserarafat37;https://twitter.com/Yasserarafat37/status/1725119808499486946
Thu Nov 16 11:51:14 +0000 2023;1725119332399882469;"@ainunnajib Demokrasi bukan satu2 nya nilai, misal nya iya pun politik dinasti ga bisa dibenarkan karena masih ada yg MENOLAK, berdasarkan nilai nilai permusyawaratan dan permufakatan, hal ini tetap gugur";0;0;0;0;in;1362009537893396486;1725055364675350909;netizenid_;https://twitter.com/netizenid_/status/1725119332399882469
Thu Nov 16 11:46:04 +0000 2023;1725118031507153294;"@jokowi sibuk membangun dinasti politik";0;0;0;0;in;1680269434966118401;1724979474188689824;PashaSaint9168;https://twitter.com/PashaSaint9168/status/1725118031507153294
Thu Nov 16 11:45:11 +0000 2023;1725117810333102531;"Alhamdullillah Politik identitas bagi muslim wajib VS politik dinasti menghalalkan segala cara .. https://t.co/g0cljshcvT";0;0;3;9;in;1667213278240706560;1725117810333102531;alfatih212426;https://twitter.com/alfatih212426/status/1725117810333102531
Thu Nov 16 11:42:40 +0000 2023;1725117174916976713;"@ariel_heryanto @ainunnajib Yang disebut dinasti politik itu sebatas jabatan eksekutif saja atau legislatif dan yudikatif juga?   Kalaupun eksekutif saja, batasan yg diharamkan apa? Presiden, Gubernur, Bupati/Walikota, lurah?";0;2;1;1;in;102289535;1725055364675350909;gandhiansyari;https://twitter.com/gandhiansyari/status/1725117174916976713
Thu Nov 16 11:42:33 +0000 2023;1725117146236326147;"Politik dinasti jangan dibiarkan, lawan terus.";0;0;0;1;in;1097412135410266112;1725117146236326147;igo_alghozaly;https://twitter.com/igo_alghozaly/status/1725117146236326147
Thu Nov 16 11:41:51 +0000 2023;1725116970864173322;"‚ÄúSy terganggu banyak orang pintar khususnya orang hukum tp msh bs diam sj melihat ada yg salah luar biasa dlm penyelenggaraan negara belakangan ini. Apapun alasannya,‚Äù Bivitri pd diskusi ‚ÄúMenyelamatkan Demokrasi Dari Cengkeraman Oligarki &amp  Dinasti Politik‚Äù https://t.co/0hoLn43gjS";0;0;0;0;in;1168746690;1725116970864173322;Sahabat_Bangsa;https://twitter.com/Sahabat_Bangsa/status/1725116970864173322
Thu Nov 16 11:34:16 +0000 2023;1725115061126181047;"@msaid_didu Ok... Noh ada partisipasi dari para ASN di jateng utk memenangkan pasangan capres tertentu,.ternyata bukan inisiatif dari yg dilabelin dinasti politiküòÇ gmn tuh duüòÅ";0;0;0;0;in;1483446519991013377;1725054960503779690;JhonDoe60200248;https://twitter.com/JhonDoe60200248/status/1725115061126181047
Thu Nov 16 11:32:31 +0000 2023;1725114620049060236;"@mindaart mantap tolak politik dinasti..partai sebelah udah 10.ganti harus ganti g mau 15 th.jangan mau dengan politik dinasti..saat ny perubahan saat ny berkembang.skarang saat ny gerindra yg memimpin.hancurkan politik dinasti jangan sampai 15 th";0;0;0;1;in;1480012453270286337;1725080138701013202;DeniSap27870794;https://twitter.com/DeniSap27870794/status/1725114620049060236
Thu Nov 16 11:30:04 +0000 2023;1725114005096898754;"@Hwidiharsono Menurut pandangan saya politik dinasti gpp asal men sejahterakan rakyatnya menurut saya fair fair aja.";0;0;0;0;in;1232959803934167040;1724759501776343489;AnjipTriwiyogo;https://twitter.com/AnjipTriwiyogo/status/1725114005096898754
Thu Nov 16 11:08:29 +0000 2023;1725108574102405125;"@iwanfals Penuh topeng pencitraan... fullicik cawe-cawe untuk membuat super dinasti politik karbitan Jokowi";0;0;0;0;in;1641240218727755776;1724766453629677748;Yonowaryon94666;https://twitter.com/Yonowaryon94666/status/1725108574102405125
Thu Nov 16 11:06:04 +0000 2023;1725107966268129560;"@SecretsThe @osokarpida @syueb2011 @Prihati_utami @gibran_tweet Ya brrti udah takdirnya jg pamannya gibran cacat moral, udh takdirnya dinasti politik, udah takdirnya gibran ga pny ahlak, udh takdir..";0;1;0;1;in;72247362;1725010094541410545;thewixbram;https://twitter.com/thewixbram/status/1725107966268129560
Thu Nov 16 11:03:19 +0000 2023;1725107272765043005;"Sudah pasti mereka akan melawan dgn isu counter utk melemahkan atau menutup drama MK, politik dinasti, dan penggunaan instrumen negara.  Misalnya nyetting ASN, bikin dokumen seolah2 kita mobilisasi ASN dll  Santai saja tanggapi mereka. Krn itu semua juatru bukti kepanikan mereka";1;305;291;333;in;811539252152389633;1725107272765043005;gus_dibyo;https://twitter.com/gus_dibyo/status/1725107272765043005
Thu Nov 16 11:00:34 +0000 2023;1725106579606016220;"@MichelAdam7__ Anak ingusan minim wawsan dn gagasan ko beraninya lawan orang cerdas. Kasihan kau Gibran produksi haram konstitusi demi muluskn dinasti politik keluarga Presiden Jokowi.";0;0;0;2;in;1572600613099425795;1724960193111556303;JSedoe;https://twitter.com/JSedoe/status/1725106579606016220
Thu Nov 16 10:57:54 +0000 2023;1725105909205254521;"Orang bilang Jokowi sakit hati karena dihina Ibu Megawati Klau sakit hati ke Ibu Mega itu masalah pribadi bukan masalah bangsa Indonesia Kenapa Bangsa Indonesia yang dibawa2 ke masalah pribadi, dengan membuat Dinasti Politik mencalonkan anakknya dengan merubah konstitusi membuat‚Ä¶ https://t.co/XJ1INpNSOp";4;8;45;106;in;1053271569877749760;1725105909205254521;mikuroQ;https://twitter.com/mikuroQ/status/1725105909205254521
Thu Nov 16 10:57:12 +0000 2023;1725105734487351739;"Bos kalo mau adil ungkap jg penyelenggara yg ttd fakta integritas di TU  Ada sekjin ngomong dulu ngasih karpet merah ke putra mahkota, trus now teriak¬≤ dicurangi/MK curang, politik dinasti dll Lah berarti boleh politik identitas asal lo dukung gw  "adil sejak dalam pikir" pram";0;0;0;0;in;189227032;1725105734487351739;AderaLFC;https://twitter.com/AderaLFC/status/1725105734487351739
Thu Nov 16 10:56:42 +0000 2023;1725105608922140865;"@Uki23 Org pinter belum tentu cerdas, bahkan bisa halusinasi dlm berpolitik, @psi_id bertransfomasi jadi partai Dinasti Politik dan Nepotisme üëáüëá https://t.co/OoLoGV5URH";0;0;0;0;in;2449850334;1724486254736412774;rmiryanti;https://twitter.com/rmiryanti/status/1725105608922140865
Thu Nov 16 10:54:27 +0000 2023;1725105042372600179;"Suara di masyarakat &amp  Mahasiswa ungguh riuh, mengecam dan menyesalkan keputusan MK yang menafikan syarat usia capres/cawapres  Mereka menyebut ini praktik politik dinasti, yakni upaya melanggengkan kekuasaan satu keluarga.  #OrdeBaruReborn https://t.co/oQKmX9K99p";0;1;28;91;in;940486643546386432;1725105042372600179;__RismaWidiono_;https://twitter.com/__RismaWidiono_/status/1725105042372600179
Thu Nov 16 10:51:20 +0000 2023;1725104256527868128;"@ri1gas @PartaiSocmed Ada Cashyta di Jateng. Ada juga Yashinta di DIY. Jare dudu politik dinasti.";0;0;0;1;in;57604769;1725045829290033533;wongndonya;https://twitter.com/wongndonya/status/1725104256527868128
Thu Nov 16 10:46:53 +0000 2023;1725103136824795642;"#SobatHI, ada kegiatan diskusi bersama para pakar yang sayang untuk dilewatkan nih!  Program Studi Hubungan Internasional UII mempersembahkan Diskusi Buku Jokowi Melawan "Debt Collector" dan Diskusi Panel yang mengangkat tema "Dinasti Politik dan Tren Demokrasi Global" https://t.co/baz4tTnyEx";0;1;0;2;in;476852352;1725103136824795642;intrelationsuii;https://twitter.com/intrelationsuii/status/1725103136824795642
Thu Nov 16 10:46:06 +0000 2023;1725102938375467429;"@ainunnajib Dialam demokrasi spt ini ya gk ada politik dinasti,adanya keluarga politik.Contoh politik dinasti yg legal di indonesia ya di jogja,gk ada pilihan gubernur dan wakilnya.Otomatis perpanjang tiap 5 thn sekali.";0;0;0;0;in;507286109;1725055364675350909;ferymilano79;https://twitter.com/ferymilano79/status/1725102938375467429
Thu Nov 16 10:37:38 +0000 2023;1725100809619456327;"Mahasiswa tidak bisa diintimidasi dan tetap lawan dinasti politik  #ganjarpresiden #ganjarmahfudmd #ganjarpranowo #ganjarpresiden2024 https://t.co/14PACVdKD9";0;0;0;0;in;1708498103068917760;1725100809619456327;kama_sinaga_92;https://twitter.com/kama_sinaga_92/status/1725100809619456327
Thu Nov 16 10:29:16 +0000 2023;1725098706079559994;"Ngeri juga, ini kayaknya Jokowi mau bikin dinasti politik yang langgeng @roniasani1 https://t.co/owJe7v8U3t";0;0;0;0;in;1673215667200479232;1725098706079559994;sekarriniken1;https://twitter.com/sekarriniken1/status/1725098706079559994
Thu Nov 16 10:23:15 +0000 2023;1725097190576771381;". . Terus Bergerak melawan POLITIK DINASTI Publik Masyarakat mendukung Kalian !!!  Jangan biarkan OrBa kembali berkuasa lewat Prabowo Gibran . .";1;25;103;409;in;1529491450605768704;1725097190576771381;StefanAntonio__;https://twitter.com/StefanAntonio__/status/1725097190576771381
